"model","n","events","parameters","rank","df","converged","lp_status","lp_objective","separated","min_fitted","max_fitted","max_se","scaled_condition_number","status","warnings"
"B0",3563,599,16,16,15,TRUE,0,0,FALSE,0.0557206790384143,0.445963809632072,0.395640204904312,2.50786527096021,"estimable",""
"B1",3563,599,18,18,15,TRUE,0,0,FALSE,0.0671310888249493,0.44851847487996,0.47273440033557,7.61712097251478,"estimable",""
"B2",3563,599,19,19,15,TRUE,0,0,FALSE,0.0678945117125714,0.464993954921489,0.770382160034905,7.81584383755722,"estimable",""
"agegroup_20-39",1254,262,18,18,15,TRUE,0,0,FALSE,0.0347256152126343,0.47740224809888,0.857428851865982,7.19472880463187,"estimable",""
"agegroup_40-59",1146,191,18,18,15,TRUE,0,0,FALSE,0.0660249541075329,0.418614281492323,3.51679579283281,19.6067445988431,"estimable",""
"agegroup_60-79",1163,146,18,18,15,TRUE,0,0,FALSE,0.0305559236146885,0.495699222806505,192.902173627078,514.047604237839,"estimable",""
"int_agegroup",3563,599,22,22,15,TRUE,0,0,FALSE,0.0534229020008622,0.488320441910969,0.775855300221391,12.8033488573626,"estimable",""
"sex_Male",1665,260,17,17,15,TRUE,0,0,FALSE,0.0414296677759411,0.523172572908828,0.65885396703644,7.86050022163376,"estimable",""
"sex_Female",1898,339,17,17,15,TRUE,0,0,FALSE,0.0588593064462451,0.389269631476762,0.489360528778984,7.5777597188703,"estimable",""
"int_sex",3563,599,19,19,15,TRUE,0,0,FALSE,0.066762434658482,0.478007695737467,0.475281994817824,7.7521761627649,"estimable",""
"selection_model",4170,3563,10,10,15,TRUE,0,0,FALSE,0.710834281733945,0.90687266078108,0.361244878173925,6.72003276489808,"estimable",""
"B4",3563,599,18,18,15,TRUE,0,0,FALSE,0.0690398978337768,0.451986248582992,0.469815925354415,7.61712097251478,"estimable",""
"support_model",3563,255,17,17,15,TRUE,0,0,FALSE,0.00137974886222595,0.746477064105358,0.781539711116342,7.59406084590538,"estimable",""
