path,bytes,sha256
exports/frame_inventory.csv,206,e440337f24ea02c3f8fe10169038a13908f5e6d763582f86bc099c6b9065ff65
exports/frame_schema.csv,7737,a9eee4f55bb56f35059d7ad69c240705919c37bfa35c9218d0b19b4e781b99b3
exports/latest/broad_frame.csv,3277363,1aa20a91918be28f0c2f1b327f375807d32832be1e816bb95727652c05825103
exports/latest/complete_cases.csv,1070647,9fc1254c331c2e10f8d33acb24022baf71f30c31f4729e5b69528f5e48c82e37
exports/pooled/broad_frame.csv,33363453,ec7d088226069932f50a5b94e74736afd82ae78fe9f20f2f09a8f719bf909f6a
exports/pooled/complete_cases.csv,12078929,10532eabb3c905ddd77207d96b8855672839d572642c3f0029639ebdb510bf37
exports/prepandemic/broad_frame.csv,30057966,660f3da580271431baf33309a5779684c5c8bd24058ab7392de4a5a16dee1886
exports/prepandemic/complete_cases.csv,10997351,c3e789f3277567e21ece95acfa88875f4a18bfb1acb638121d6ff5e86f3dca33
latest/derived/analysis_frame.rds,594056,4e56c2fca210fc3dc2dedcfff3f9a10a637864ecf48d78f6c2ba24b671ba0308
master_frame.rds,5560781,90d23401e35ec2a9f756663e4659e6e74171aaa1548b5db69d809f37f688c393
pooled/derived/analysis_frame.rds,5620840,8857c4eda829b08c8cc1a06916251e6ef6ee3c53ebdef8ac9fe3f33e0aeab549
prepandemic/derived/analysis_frame.rds,5086952,fb0b47e70309088e7df5a56b43fb4052aa2bfd60d7e6a41758f1c9f3bdd6b88a
