path,bytes,sha256
README.md,4975,9aee0d77f20df8e315add67f0379b29340d235339c6f4924404b913e0f98cc6e
assets/fonts/source-han-sans-cn/LICENSE.txt,4463,fcac737e761ec63dbfbdce11030a1780161920d80315edba9c8beff1c2bac5a2
assets/fonts/source-han-sans-cn/SourceHanSansCN-Medium.otf,8406556,a94e558a2fe972bee4f46bce0843abff37063fd68c33f1e7d9058f6f09432b01
assets/fonts/source-han-sans-cn/SourceHanSansCN-Regular.otf,8429224,e2bc8a2e7f37474b774fff8db758681ece40bb6947a90d571bce9dd60671a8e4
assets/fonts/source-han-sans-cn/provenance.json,487,f36beb079e63942e228d86b9e2df1eaf9a7bc80a208dd279df618b1a632d4c67
docs/research_ideas/2026-09-28-original-proposal-asthma-ra-idea.md,21598,9accc85e5090cf59af3695e77dbc94cc52f40cce2bd8be7fee268ef454b105f8
docs/research_ideas/2026-09-29-asthma-ra-supplement-authorized-idea.md,1885,b9fefe65902459a7b111157c6de5c9f94a3d01ebdf613e4fc7064b7c75fa0a39
docs/research_plans/2026-09-28-original-proposal-asthma-ra-experiment-plan.md,37552,4b208acf036e07dda20780608252f980e60a1db6bbce54546f1e37d157d6cb16
docs/research_plans/2026-09-29-asthma-ra-supplement-experiment-plan.md,10868,7d3ec03de6c3a4e7814470a769a3e3fbd21f92d4eb7470e6cdc3c7622d65fdf5
docs/research_plans/2026-10-08-asthma-ra-year-extension-experiment-plan.md,24430,19ffd0ade37aec841bc21d7c118748c8975c3dea2cad04bd10c1867a28925423
docs/research_runs/2026-10-08-asthma-ra-year-extension-run.md,3544,7d250506c3976fb144f10b45164ee1c99222d489317929271173d8825e859361
docs/research_runs/2026-10-08-github-review-delivery.md,2700,afbf5f6080c1cfd8536cdbc7e828d77896c7a85c831a6dc60b77a534e4d896b8
docs/review_20261008/README.md,3417,bff61902412f74610c90a097d9be7c40b885d0b675f12d4780b92c19b40f53c0
docs/review_20261008/data-and-reproduction.zh.md,9166,109189688bff1811deda7a5bb6ec0f581e3f1c15586e0df29c4f0861e11e01fe
docs/review_20261008/data_assets.json,433,7cf67848f672ac130f9f7d5ed62ce86e6b47bd17cc02de90cff4d2a955e29c0f
docs/review_20261008/frame_inventory.csv,206,e440337f24ea02c3f8fe10169038a13908f5e6d763582f86bc099c6b9065ff65
docs/review_20261008/frame_schema.csv,7737,a9eee4f55bb56f35059d7ad69c240705919c37bfa35c9218d0b19b4e781b99b3
docs/review_20261008/nhanes-analysis-frames-20261008.manifest.csv,1285,6b5fc8310d6b528304fb44f54e89524243b16eee06edbf6c7661261fde173a58
docs/review_20261008/nhanes-public-inputs-20261008.manifest.csv,24577,e617b8d2381f7627fe6fe9c65feef3fb297f68ebd629008e1c922657baba37f3
docs/review_20261008/original_delivery_checksums.json,198,d5b7f3b59b803471b2601f60e8d6cecd0c6afaead147ca3a58810339023044d1
docs/review_20261008/original_delivery_manifest.csv,32728,e399c3ecdb11acf9174ecb3720358a35598f7c15bdd9a0d0016efff5f67ceef1
docs/review_20261008/public_copy_provenance.json,498,e7ff9588deeb7c73aa3ac663992d832c50f711123e109cda9b957293fa5c59d1
docs/review_20261008/results.zh.md,24538,5b752a8f39e47275f4597176c49b0d4a0d14115aa5919adf13fb2b0e4c1c6934
docs/review_20261008/review_result_sources.json,1124,f9ff6025b0be07079ce9d39933b9df72499272b3d765271918092b3a5568274c
docs/review_20261008/statistics.zh.md,12369,5ea04d50fa1de5b6cf1fdfbaed0d9ef45fc07ad88360a81dccd65e1ad78eb9a3
outputs/figure_revision_20261008_v01/README.md,1278,27fb4ae87be001744d88497169bbfe58a90b78fcf0616306fe8293faf6146962
outputs/figure_revision_20261008_v01/age_subgroups.pdf,25849,d48803cb4c3d924cafcec6232abcfc93ae09589f096c12233e07823eec28b24c
outputs/figure_revision_20261008_v01/age_subgroups.png,80607,02bf7dea7224ce3edb22f0ffb0ca54ab4303556871172caeb7baa25e194357b9
outputs/figure_revision_20261008_v01/sex_subgroups.pdf,26290,97a87cf8260f2f02689dcc6b4fcc72b9a183d2a13b646ead0b675adf0b64bcf0
outputs/figure_revision_20261008_v01/sex_subgroups.png,66331,3b3cf119c137f58dcd70b19dc151843f82a1f22e44ea16524eb08d5fad8057f0
outputs/figure_revision_20261008_v01/source_interaction_tests.csv,261,e6c00fff475ca6afe2873be0fef40a3b6f2ca64c3227afe016354afb6d63db68
outputs/figure_revision_20261008_v01/source_subgroups.csv,1297,3175c4324ef4568e37fe1262f31aa6483d143c2f0691e70a63f41d0dbde8b34a
outputs/figure_revision_20261008_v01/validation.json,1368,63a1390249b9f5c1418350343c39eaf3f811c403d040ae5d152ea06be2033e5c
outputs/figure_revision_20261008_v02/README.md,2784,4c82055bac5b628210703f3bb6578ada56271f83dad02d28c16f34c87271e85d
outputs/figure_revision_20261008_v02/environment.txt,1133,58ea9a6708e2dade599a53fc1f14f13fd3b7e9e04a49a8f9d253bfafa57e5e31
outputs/figure_revision_20261008_v02/latest/age_subgroups.pdf,14189,f080e33d6ef5a64e3c8108d840ff2db9a2cc5811b6ac9cc5029ed2bd1d54782c
outputs/figure_revision_20261008_v02/latest/age_subgroups.png,85073,62c2f0b9edb42c7e6bdf8e6e6111f064ea5b39ab70ccd354d77f39ac5f4fc1ea
outputs/figure_revision_20261008_v02/latest/residual_age.pdf,14783,baa0ab2f70b6240fbe9d28636a6b13f0a3bbe470397c40c90c96346485a7bf86
outputs/figure_revision_20261008_v02/latest/residual_age.png,94238,f3ce1c91ca3bd77d7aea520d04b9bebc925b4d9fe4f4a85f3cc997ebdf109e01
outputs/figure_revision_20261008_v02/latest/residual_bmi.pdf,14289,a6fc153b6a8df3ae439498c1cde11fc21b1f78af99392fc0dcc16c19e09eb464
outputs/figure_revision_20261008_v02/latest/residual_bmi.png,85911,6adaaf9044b83c76af83ed86a1e4ebd31d1ae33945d3bafb2059e7a3d9f4c002
outputs/figure_revision_20261008_v02/latest/residual_pir.pdf,14662,47ce4803d0b9b1d0292de1ef0b048ab6a5f7a23ec59a9afe7513992e2cc7f7a5
outputs/figure_revision_20261008_v02/latest/residual_pir.png,88282,3ed49dc161d9009a74caf8c6e21be4ff482b30d41d032c70365369f3b29796ae
outputs/figure_revision_20261008_v02/latest/sample_flow.pdf,40127,6234dc56d6aaec6e9c150495b1109051f7e1d3ce2ddc4fc825bc5df905f3ec4f
outputs/figure_revision_20261008_v02/latest/sample_flow.png,249559,2aa0ba043e32105650723f4fc2c7a535b304092c0390bda604aaf902c378d280
outputs/figure_revision_20261008_v02/latest/sex_subgroups.pdf,14773,3c9f7ffbef45e0242a888c59b9259a0b3069c4caec4c40402da959e8f4dc6fb2
outputs/figure_revision_20261008_v02/latest/sex_subgroups.png,69411,83b336ef5548f7683559274a79fb2f5c6e6f13a6233278ddfeb0491ac0f14ef4
outputs/figure_revision_20261008_v02/latest/source_asthma_prevalence.csv,466,f49139ab217c6914e4d13a79009e0bcd10f8b147e25bfe78189544f5480e7aef
outputs/figure_revision_20261008_v02/latest/source_binned_model_residuals.csv,2716,f11332a4eaee13da2eb57ce79e05f344bf8308c2b5c6bf9353e786e3bdcedab3
outputs/figure_revision_20261008_v02/latest/source_interaction_tests.csv,256,e70ebf43c2fb3aa4ca2babd46505041a43a571db78aee624211026e471aa94c6
outputs/figure_revision_20261008_v02/latest/source_sample_flow.csv,711,b2b0896e4d6d4f3ebe5a483bf3a91c1519e1660d3f9c0fd2048005e00662822b
outputs/figure_revision_20261008_v02/latest/source_subgroups.csv,1276,f013ba455b1a22b5ea867b74aa341410c035ffdeb9da152ffd4e8a6e094cb84a
outputs/figure_revision_20261008_v02/prepandemic/age_subgroups.pdf,14207,327fc5bbeb292d65d5cf949881d2015fb2fdccb6c84844f1e7fcc62f1b7287ec
outputs/figure_revision_20261008_v02/prepandemic/age_subgroups.png,83743,9864b475a5e3d87c4b249db31c695bde80f860ac4e103309bcdc5930c556e9c9
outputs/figure_revision_20261008_v02/prepandemic/residual_age.pdf,14890,16149f553f23145afc2016a58b3e07e1f829af3b2a0628a3f8c72dc73fee327a
outputs/figure_revision_20261008_v02/prepandemic/residual_age.png,88491,1ea2d5d640de79c171d8bbb063cbf6ccbabb5d92a537ff3baf4c32a61b512d07
outputs/figure_revision_20261008_v02/prepandemic/residual_bmi.pdf,14228,6e2b038e74de6d854b8b1691a54d1264583e135d97dcba8c37f2851f00018908
outputs/figure_revision_20261008_v02/prepandemic/residual_bmi.png,78195,b90df557a783a18121fcabdde5d0fb43b7c86b2fa269d1d31dab7db6e9376493
outputs/figure_revision_20261008_v02/prepandemic/residual_pir.pdf,14872,f9a150f40a8b2c66fcea4b9a5b1bf23fb2bf9c9db15284e3b77cf785add24402
outputs/figure_revision_20261008_v02/prepandemic/residual_pir.png,72971,92405a0fe2a254ca2507332576af51bcbc151ccd325b7c3ab758272c6f1eb487
outputs/figure_revision_20261008_v02/prepandemic/sample_flow.pdf,40133,6b25e54aa7539e8f011927e0022f019f7e39dcfbfcafdf3acf7b0e2a0d065dcd
outputs/figure_revision_20261008_v02/prepandemic/sample_flow.png,256896,5554a9850e4efbe752905709fcb415f68454e001dc973a6d6561d58afbc43646
outputs/figure_revision_20261008_v02/prepandemic/sex_subgroups.pdf,14779,c9d0e08127d7f9a65ce313d7ddd4ee8e4061d259fe1d5abc7bab6cf18074562b
outputs/figure_revision_20261008_v02/prepandemic/sex_subgroups.png,72947,f3342cfbcb8bedcb9b1beddc17e233a2de5fb107425591e88b465fb8be37fc01
outputs/figure_revision_20261008_v02/prepandemic/source_asthma_prevalence.csv,475,792aadb956ef3af44c0119107d253b0899faa1cfbbc5ee20ad86711990e1ce9e
outputs/figure_revision_20261008_v02/prepandemic/source_binned_model_residuals.csv,2854,e6aef35e07b224832e6f909db6a30aec86c69486349b54a61bb7f5b3bafc32d8
outputs/figure_revision_20261008_v02/prepandemic/source_interaction_tests.csv,261,e6c00fff475ca6afe2873be0fef40a3b6f2ca64c3227afe016354afb6d63db68
outputs/figure_revision_20261008_v02/prepandemic/source_sample_flow.csv,892,122fdd0b07dd3a71d00e3c2bd3cd32a9cd2e60f268b62db9097711eff1625ddc
outputs/figure_revision_20261008_v02/prepandemic/source_subgroups.csv,1297,3175c4324ef4568e37fe1262f31aa6483d143c2f0691e70a63f41d0dbde8b34a
outputs/figure_revision_20261008_v02/validation.json,21055,10bbedd15fc4c3729e2aafef904016421163f23d42da67faf5b8d1fc7c09b360
outputs/figure_revision_20261008_v03/README.md,3764,87ad8e6f5fbc52ea55b15d6c0c4da16b87a51ec2f87b5f105f8665f3838d1406
outputs/figure_revision_20261008_v03/environment.txt,1133,58ea9a6708e2dade599a53fc1f14f13fd3b7e9e04a49a8f9d253bfafa57e5e31
outputs/figure_revision_20261008_v03/latest/age_subgroups.pdf,895106,f0a156b704670481fcdb90a4383161f3d1e8357a4c7b7d4e6d40a25f66e692fa
outputs/figure_revision_20261008_v03/latest/age_subgroups.png,84026,0e274dfc1d58aeb0c281d2f3733cbc9d7e249d034a7ca3fe79bd40e237dc6263
outputs/figure_revision_20261008_v03/latest/residual_age.pdf,468535,89b00336c74b06f216c71822f0ffff7bca830c3ef207b686738ad60491532726
outputs/figure_revision_20261008_v03/latest/residual_age.png,83727,438cef405d8ab9dc72e53e788599343da7f6f42e3ee46e0484cbe4b541b6a782
outputs/figure_revision_20261008_v03/latest/residual_bmi.pdf,470714,4aeef1d8b4ea087e1e7f36368578c50ab9e8379fb81dd0d32f4536305cad341a
outputs/figure_revision_20261008_v03/latest/residual_bmi.png,75822,10e555c524e6130296eca849e9225e0b990aa895a5fa7e10a2a25f68d6573e53
outputs/figure_revision_20261008_v03/latest/residual_pir.pdf,468762,67240ba63217612e8b93e5fb5352e825b3ea7c074112d75aa9f645d420631140
outputs/figure_revision_20261008_v03/latest/residual_pir.png,79665,83e6cac1f46bc1a431f213176d8527b6a2c6e533d327e256ca2b92529f2abe2b
outputs/figure_revision_20261008_v03/latest/sample_flow.pdf,480055,d3862312761a3f329c1e71aeceea120f07178527241937c6b902174f433e8142
outputs/figure_revision_20261008_v03/latest/sample_flow.png,230928,58a4f9fce2662a267041bfee160b333c023be02d68bd6243af37e60224a9d03f
outputs/figure_revision_20261008_v03/latest/sex_subgroups.pdf,895199,c437f36b8e09c846010ca17025e8aa868ab4452a62cc449e593d5d7669d5fa45
outputs/figure_revision_20261008_v03/latest/sex_subgroups.png,68462,d73380fba8445f55767db09690872a4f0d3ce5405570e5e9ff4707f64617a2ba
outputs/figure_revision_20261008_v03/latest/source_asthma_prevalence.csv,466,f49139ab217c6914e4d13a79009e0bcd10f8b147e25bfe78189544f5480e7aef
outputs/figure_revision_20261008_v03/latest/source_binned_model_residuals.csv,2716,f11332a4eaee13da2eb57ce79e05f344bf8308c2b5c6bf9353e786e3bdcedab3
outputs/figure_revision_20261008_v03/latest/source_interaction_tests.csv,256,e70ebf43c2fb3aa4ca2babd46505041a43a571db78aee624211026e471aa94c6
outputs/figure_revision_20261008_v03/latest/source_sample_flow.csv,711,b2b0896e4d6d4f3ebe5a483bf3a91c1519e1660d3f9c0fd2048005e00662822b
outputs/figure_revision_20261008_v03/latest/source_subgroups.csv,1276,f013ba455b1a22b5ea867b74aa341410c035ffdeb9da152ffd4e8a6e094cb84a
outputs/figure_revision_20261008_v03/prepandemic/age_subgroups.pdf,895129,98503bf1d8f75ebff6724309edacf8a2c66ea11fd4715ebef3263139fb3f2b8b
outputs/figure_revision_20261008_v03/prepandemic/age_subgroups.png,83185,899d042ad0508b9d42ad290e680b510d03c376af9bd350aa594357039f62eca1
outputs/figure_revision_20261008_v03/prepandemic/residual_age.pdf,468744,81a0b4560b3b1ee3106c38355091fd3e3a2e27105c73eaa314accd594b5bd27e
outputs/figure_revision_20261008_v03/prepandemic/residual_age.png,78037,247175ebc3fc957eb3d7f741b7fecb994b995fe3150c6497340479f01d98bad3
outputs/figure_revision_20261008_v03/prepandemic/residual_bmi.pdf,470607,b75b6114fb6001e1bbdd54d0001aa6827dea09544d1db8050bda1a6b1108837b
outputs/figure_revision_20261008_v03/prepandemic/residual_bmi.png,69498,b4b208aa7e04839c3975164c8b48ae3e5ded5b7fd20ab9fe96d48a39ea1b77d0
outputs/figure_revision_20261008_v03/prepandemic/residual_pir.pdf,468892,87750bc475a94b2be78e5a088dae67aeba333e1e52ad569768376ae6264eccf2
outputs/figure_revision_20261008_v03/prepandemic/residual_pir.png,66720,ea69429251677847c06dce3caf825d89f1972cc99ca833e5c71c1a2e9e711184
outputs/figure_revision_20261008_v03/prepandemic/sample_flow.pdf,480058,2cbab8ab7ca2184727d56946d08c745e61279b5d5a5811cb0facd586f0fd876f
outputs/figure_revision_20261008_v03/prepandemic/sample_flow.png,237837,470206bb49a3b3a02bb04c3fa156bc13c5cbf0b9e35eaf3746d1c93c42689ddc
outputs/figure_revision_20261008_v03/prepandemic/sex_subgroups.pdf,895191,961bc82066f134383e011988b768a77c75bc1b9b27f80a1fdd0604e85c9cfa86
outputs/figure_revision_20261008_v03/prepandemic/sex_subgroups.png,71888,c1b5b0fbd6d33b8c56895816d90070aedce2a9c46b1cd4a304ff75232bd93bbc
outputs/figure_revision_20261008_v03/prepandemic/source_asthma_prevalence.csv,475,792aadb956ef3af44c0119107d253b0899faa1cfbbc5ee20ad86711990e1ce9e
outputs/figure_revision_20261008_v03/prepandemic/source_binned_model_residuals.csv,2854,e6aef35e07b224832e6f909db6a30aec86c69486349b54a61bb7f5b3bafc32d8
outputs/figure_revision_20261008_v03/prepandemic/source_interaction_tests.csv,261,e6c00fff475ca6afe2873be0fef40a3b6f2ca64c3227afe016354afb6d63db68
outputs/figure_revision_20261008_v03/prepandemic/source_sample_flow.csv,892,122fdd0b07dd3a71d00e3c2bd3cd32a9cd2e60f268b62db9097711eff1625ddc
outputs/figure_revision_20261008_v03/prepandemic/source_subgroups.csv,1297,3175c4324ef4568e37fe1262f31aa6483d143c2f0691e70a63f41d0dbde8b34a
outputs/figure_revision_20261008_v03/validation.json,21300,97fe3b17bcbff390b002b7886264ac68a3fa94816dda122f0ebda3edc65ccd70
outputs/figure_revision_20261008_v04_pooled/README.md,4123,41b39e3b1aee0f13f13399fa5360120022acc47b74b993dcb2646f21e630f0b8
outputs/figure_revision_20261008_v04_pooled/environment.txt,1133,58ea9a6708e2dade599a53fc1f14f13fd3b7e9e04a49a8f9d253bfafa57e5e31
outputs/figure_revision_20261008_v04_pooled/pooled/age_subgroups.pdf,895143,cebbeaa1934ae64909b8d42c76b65dc28b5e6dc3a512a9c1e46277f72879f384
outputs/figure_revision_20261008_v04_pooled/pooled/age_subgroups.png,85389,0060185ed80cc56766d04ddebd45bd8f98a94ce2175261e9ff816b52c4b6a6e8
outputs/figure_revision_20261008_v04_pooled/pooled/residual_age.pdf,468680,fbe900ae919d60fb5b261be8968487a747c7db4af1f851c2ade87cafacc9b427
outputs/figure_revision_20261008_v04_pooled/pooled/residual_age.png,69603,86d1d08b9b6f57f0830fd96fc7fafc7994953690e00dac094379ccd5565260a0
outputs/figure_revision_20261008_v04_pooled/pooled/residual_bmi.pdf,470727,2db5f594785c153924919d6f46ade3fd79cfb69cbbf07f309635704fc78092a1
outputs/figure_revision_20261008_v04_pooled/pooled/residual_bmi.png,69757,4f8336d3df4e6dc30b1f08cb4930701dc40a8cf3beb665e0961e9e26f2f66249
outputs/figure_revision_20261008_v04_pooled/pooled/residual_pir.pdf,468996,094a41406a7e70f11b12df02a6c1e8f85a3f555196688761abb76f3012c3a2c2
outputs/figure_revision_20261008_v04_pooled/pooled/residual_pir.png,70261,7996a550dd58f773f26756e993d8ca97857693f93a44110d62b838fe2605e367
outputs/figure_revision_20261008_v04_pooled/pooled/sample_flow.pdf,480014,8f4bb6805903a76200192564003e31830b5005b925810df71d5cbe37b8990fd2
outputs/figure_revision_20261008_v04_pooled/pooled/sample_flow.png,238161,bfe187868bfc19e0e2e45e8b5c7ebd90c12b7b2a756466f4115e078abebd7232
outputs/figure_revision_20261008_v04_pooled/pooled/sex_subgroups.pdf,895187,02ad38a8bc5ad4bc61df1e33f888c01f921e45bb57d08dd2a228e4e07383ea4f
outputs/figure_revision_20261008_v04_pooled/pooled/sex_subgroups.png,72047,de32fcaa9850ed068e9c218dfc29108673e7e0b0d07c96f17d7c1e4e58578b1a
outputs/figure_revision_20261008_v04_pooled/pooled/source_asthma_prevalence.csv,475,f5a7631b9dce648f72520d0e7ef9d7e6780047568acdf5b72ba8c0e2acca9cbe
outputs/figure_revision_20261008_v04_pooled/pooled/source_binned_model_residuals.csv,2850,b3f0d1127d3b68efc1d88af8ef59c4d3b26f2a49bad27f3a6cc5f967769c0d90
outputs/figure_revision_20261008_v04_pooled/pooled/source_interaction_tests.csv,261,95af38726276f933aa176762d2f3fefbd08a167395b650431c0ae7c99b1d3f1f
outputs/figure_revision_20261008_v04_pooled/pooled/source_sample_flow.csv,894,6934ec30801470b7999cf5f1d56792f890ea4d32515d79d86be11a3a52176274
outputs/figure_revision_20261008_v04_pooled/pooled/source_subgroups.csv,1294,13a37dfd843b86e8b50fc886ef14604e79c280f49fd8134e8ef77d7e8141f409
outputs/figure_revision_20261008_v04_pooled/validation.json,21389,b44ba2414a34fa49e73d2b4c4d65d91722ed0d268fa16e7bebec163d06950796
outputs/year_extension_20261008_v01/acquire_data.log,1012,84fde008a3143cb50a4dade80bc12efd5e1aea66ead63bedd776cd1303f5d9da
outputs/year_extension_20261008_v01/acquire_metadata.log,985,02d6d3aaff5f35634d74d98e96f709862f8d6a8868452225e8b5e41f6296e395
outputs/year_extension_20261008_v01/bmi_documentation_review.txt,149521,72e1969a0badb2bdd6a4a7aaf96cdcc9dfa45c59519f9936560896553fa1e009
outputs/year_extension_20261008_v01/bmi_qc.csv,627,287ee56ac038c1b95b04b75880e9c4c1e34881fa93e6c40bc59e80a7bcf2d248
outputs/year_extension_20261008_v01/cycle_catalog.csv,439,42b9fc8cd6df3678c78d7f4389127a4b09561b987ac5e4389bc1dbec360b0cf0
outputs/year_extension_20261008_v01/cycle_coverage.csv,1060,843715f073e40996a2fc9a7f92a494bc0cadbde1b1f6b3fe96fdcc04efe6425f
outputs/year_extension_20261008_v01/data_manifest.csv,17259,fe7b064693f5d49f1a47340c994c0895c6f90a7e3934fdd4f66f1a920ab4919d
outputs/year_extension_20261008_v01/final_gate.json,578,8d670ceb7e0aa34e4ab5c58b751e2a0e8d8ff73e1bec1d31a9182acee03f9b20
outputs/year_extension_20261008_v01/input_integrity.json,103,91b2abf440177bb2fb31a6d8e851f2adb4a378c8923cd01fcd206f6815061b40
outputs/year_extension_20261008_v01/input_manifest.csv,17259,fe7b064693f5d49f1a47340c994c0895c6f90a7e3934fdd4f66f1a920ab4919d
outputs/year_extension_20261008_v01/join_checks.csv,1270,da7323786578ad49ee2a949ab85d749d42f69fbd3f3e98ba76b70fdba44aa793
outputs/year_extension_20261008_v01/latest/all_model_coefficients.csv,35245,77fa8f167000f499b79ce11f1d574c09ff7d111c9e7df3417ecd6547cdd93941
outputs/year_extension_20261008_v01/latest/analysis_gate.json,171,a259a4d9a3b0ffeb566f7f21a19b5584192e1b12ec76c01c9da935a0296ed7a9
outputs/year_extension_20261008_v01/latest/analysis_ranges.csv,61,0e3e190d71bba345c9a45222801ca9ad1b9110066b3c8547a1ce69f3910884f6
outputs/year_extension_20261008_v01/latest/analyze.log,687,7f0935d6e652d9cbb9c7a0ec465d96dc47632b7acb7789cf3db0aeecf36b2d6e
outputs/year_extension_20261008_v01/latest/asthma_prevalence.csv,466,f49139ab217c6914e4d13a79009e0bcd10f8b147e25bfe78189544f5480e7aef
outputs/year_extension_20261008_v01/latest/binned_model_residuals.csv,2716,f11332a4eaee13da2eb57ce79e05f344bf8308c2b5c6bf9353e786e3bdcedab3
outputs/year_extension_20261008_v01/latest/categorical_cells.csv,2089,7edc815fd7c9d2655c4c2b3377a4cdae1a6618d6e149af972ae6cd3ff9ed5ed4
outputs/year_extension_20261008_v01/latest/characteristics.csv,7510,c87e783d566912a494373c67360fc76e5a2ea899ec702cd4393cf947435ac473
outputs/year_extension_20261008_v01/latest/collinearity.csv,3112,99c33e3070b527822a442192c4c5bee58fda44e581231209714def5c25ffc082
outputs/year_extension_20261008_v01/latest/continuous_correlations.csv,144,cb7a78c0d60aa9a6a8478cfd93201ecc205ce6c1499f8ea83cbd3badf56e5f61
outputs/year_extension_20261008_v01/latest/continuous_quantiles.csv,632,638cd22abf3d0ff5c1fc705bf507815d82635dd7e4ec19bb2f0d9ae8d5c0daa4
outputs/year_extension_20261008_v01/latest/covariate_tests.csv,1707,fdb8caffac784db2316ce127484d6eee29fb1d0fd3f05771ab9701b299e29fae
outputs/year_extension_20261008_v01/latest/covariates_asthma.csv,1867,75efa1304e2be529492497f38bded4073cd2382520329ab939a088519dc1812e
outputs/year_extension_20261008_v01/latest/covariates_ra.csv,1791,6580eba27cf0923e2754294b6599f049c1e25d6432a543a4c5cacc95f96e59b3
outputs/year_extension_20261008_v01/latest/cycle_samples.csv,84,47ceda05b4426b037515e7939bafde4ab396cda344aa3ac803d3442406601b36
outputs/year_extension_20261008_v01/latest/cycle_strata.csv,253,c69ed686b9ba885b0e4c702e2b7d34827c965007ac172ee3c924fc499f5126be
outputs/year_extension_20261008_v01/latest/design_audit.csv,247,be8822e2c80e25023c49eaf575c28b10e0f273f07b54e4da7f30abae50e72ec1
outputs/year_extension_20261008_v01/latest/diagnose.log,446,d5cdfddee74ebffeee90fab29834e0ab292f74b0e196f5746c33c04decf83570
outputs/year_extension_20261008_v01/latest/domain_psu_counts.csv,1467,f6e7e49814104e44c90b2a8824c3dbca6d8375a5ff65d523130f56d54794ea9f
outputs/year_extension_20261008_v01/latest/education_raw_counts.csv,51,16a196a3618c8180dabf8765b9d44909918c64600b5acf7f0ea4bf8e1a390338
outputs/year_extension_20261008_v01/latest/environment.txt,1115,65d5db514d85800cc0ded9b91562bea280b99f354321ed3f1996d35ec3beec9b
outputs/year_extension_20261008_v01/latest/environment_diagnostics.txt,1061,35969237df6325df0a1cfe5caa24e92ebab55d8cd6e1c0513c34e2d9078bacb8
outputs/year_extension_20261008_v01/latest/figures.log,98,6b9eb5818e01299f653394d5223677338f68066b59dbcf3956c800c843c558ed
outputs/year_extension_20261008_v01/latest/figures/model_residual_diagnostic.png,81158,ab95f9f689b8717f639671a695e204a1366bc2fce20193b9de96b4789ee9c2f3
outputs/year_extension_20261008_v01/latest/figures/sample_flow.png,129741,7549d492429c3b5b6cfd0e1197b8b35c3aeb5ba320fa79d1556be5fcdce512c5
outputs/year_extension_20261008_v01/latest/figures/subgroup_forest.pdf,28956,d4f9c7412b254582cbff939bcaa6ebbec1756e3ae7dfc7a3e11ff4af8ed4b171
outputs/year_extension_20261008_v01/latest/figures/subgroup_forest.png,81529,6dea8e691e8cca17b16f6f4dac2a0677ee0e1400f424c275342fcd85f6dcd7fe
outputs/year_extension_20261008_v01/latest/independent_input_validation.json,131,240f56f15b2ab46dc3a91efd053e7ca65ac42192aeccce01338212c0fba3bf1e
outputs/year_extension_20261008_v01/latest/independent_validation.csv,473,f4482201737b54b4d93289da04b5f4555b567212e4bcb4e1ae7109a8e31afde1
outputs/year_extension_20261008_v01/latest/independent_validation.json,128,631f617eca2ee6c6e769acac827967c5dd7de8c04e3b1314ca42b8767623cbd8
outputs/year_extension_20261008_v01/latest/interaction_tests.csv,256,e70ebf43c2fb3aa4ca2babd46505041a43a571db78aee624211026e471aa94c6
outputs/year_extension_20261008_v01/latest/missingness.csv,127,5114da74c80838313423c41a863ccdb2ef94e72997eb20224529b963dd6c7c51
outputs/year_extension_20261008_v01/latest/model_design_support.csv,882,caf1591d133e057f79201e5a58913d059891a36a330b1c28eda22218a7cbc2be
outputs/year_extension_20261008_v01/latest/model_diagnostics.csv,1815,df76b53ca6292781dbe6f7b3cfe77896b27900ed6b5b3c1194ade25a35e5692f
outputs/year_extension_20261008_v01/latest/model_gate.json,176,987924548606abc4a0353666d3d67aa554413aed7ebab0c6d533572621f3823d
outputs/year_extension_20261008_v01/latest/model_ra_asthma_cells.csv,1091,d1a55febfdfdc34bcceee2a7946e37524da5cdf4381db90536487eaca5ba81c3
outputs/year_extension_20261008_v01/latest/phenotype_qc.csv,668,565385714f5ec45e764b61db06c33abd969e44f67fb54cc597d5c1aef2244536
outputs/year_extension_20261008_v01/latest/preparation_gate.json,147,9ee742244c9b4c69c3c0b3678b1ded9ce82d9544b7722ef36a432b61cf5cebc2
outputs/year_extension_20261008_v01/latest/regression.csv,817,86383b2353db423b794eee0f28006ab7b90f23888c433315ab3a491c30ca9906
outputs/year_extension_20261008_v01/latest/sample_flow.csv,711,b2b0896e4d6d4f3ebe5a483bf3a91c1519e1660d3f9c0fd2048005e00662822b
outputs/year_extension_20261008_v01/latest/separation_checks.csv,294,457e27e2f7fac202386d71a12233e57a8ecb5c2475929329b228cdff98551c6a
outputs/year_extension_20261008_v01/latest/smoking_missing_reasons.csv,103,10b54c1da7c3c1e46a692be2fafd1d36fa80795a9c4c9d3edf0f8a73702ac173
outputs/year_extension_20261008_v01/latest/source_reconstruction.csv,81,37148c82689257b50d1019a6be5a8e02d102acc753c2504264cafe48635652fd
outputs/year_extension_20261008_v01/latest/subgroups.csv,1276,f013ba455b1a22b5ea867b74aa341410c035ffdeb9da152ffd4e8a6e094cb84a
outputs/year_extension_20261008_v01/latest/supplement.log,7360,60931e3b991751d3ac3094553465fb4d6b83d07d8002d54014cbf6b8369b48d9
outputs/year_extension_20261008_v01/latest/supplement/all_estimates.csv,1823,f8edfff3c04740bbc59f34121aab20afc1817f7b5fe97e70b310dcc3e278b912
outputs/year_extension_20261008_v01/latest/supplement/analysis_gate.json,267,00caccc97d1edd9648dcecfedb29d43739bbbf9cd05bd305bc3d29bbc3f64ba2
outputs/year_extension_20261008_v01/latest/supplement/binned_residuals.csv,5439,225afa2ac3d0292ea32336f2c7b9095c3d112112e5ed39df2c0e3f502532aa9f
outputs/year_extension_20261008_v01/latest/supplement/covariate_support.csv,575,1c6855220f8008403a65f28eedbb4cca80b68d890e4ec4a9e0046b792b1651aa
outputs/year_extension_20261008_v01/latest/supplement/diagnostics.csv,1883,6925e6a43305b9195729bf42c5f5780cf4896b8230bd954d2be8cc36ed018a36
outputs/year_extension_20261008_v01/latest/supplement/environment.txt,1026,8284541c4586a43218ad4e334320b376096e82146ffe9bf464ba3029256a1be8
outputs/year_extension_20261008_v01/latest/supplement/independent_validation.csv,880,17d522ca8837e59765d0f10819842fc4eed6dc89b8e4258e139c1a19a422c4cb
outputs/year_extension_20261008_v01/latest/supplement/independent_validation.json,181,3ff31a861cccfb476ecf323c8905edb98e79cc0095560e3d8d765ec3ca61a747
outputs/year_extension_20261008_v01/latest/supplement/knots.csv,84,fe139a3e71146beb843d4fdaf9078bc9456d0b66be69d5c5e1c4e05a43898bc2
outputs/year_extension_20261008_v01/latest/supplement/missing_patterns.csv,310,60aff635d1d0ab6e58a612b1a8ddcb56e11f5d0f5e0ff4f66a8e3251c64e3f4d
outputs/year_extension_20261008_v01/latest/supplement/numerical_validation.csv,732,8c3755aa870081b15cc31c9d22c2b15ea0c4f1b6add58b004ca02f24e1c9cc8b
outputs/year_extension_20261008_v01/latest/supplement/older_age_basis_validation.csv,185,2bdde1be9120375fe0d54dea61b1c1bae8f2a7e0775ac6de3aaa60b896deeda6
outputs/year_extension_20261008_v01/latest/supplement/regression.csv,635,414089dc65a7c1d32b0ac4a5a5dc517e769502760673d4bd57e53fa28392b1e3
outputs/year_extension_20261008_v01/latest/supplement/selection_characteristics.csv,3141,236e3eb71a7f899695a44a869bec85fbaa15cbd942d2da6f54341037f3efd3ce
outputs/year_extension_20261008_v01/latest/supplement/selection_rates.csv,349,9baf63969885e0f5d57e5dbdacb3236b0b35f4f7ecadc669ef4e6640e4684156
outputs/year_extension_20261008_v01/latest/supplement/selection_weight_diagnostics.csv,366,7cd3a95cc241c03f76544cd7d4dc44e2530ccb27a2976c5a8e9c82c636f3d241
outputs/year_extension_20261008_v01/latest/supplement/standardized_covariance.csv,160,94f4d8f13a96600f60e9374f12a3acf34086313385d7e4be2cc54ae29754139f
outputs/year_extension_20261008_v01/latest/supplement/standardized_prevalence.csv,828,f0286d7099629a7ac9b1fd2ab21437be164445d7231957db66a8552d740d9849
outputs/year_extension_20261008_v01/latest/supplement/support_cells.csv,1490,3e744591630c825bbdf85572167f162bc8e783c43a8d4f0c75ce742aa9a7838b
outputs/year_extension_20261008_v01/latest/supplement/support_overlap.csv,128,db93e734495deceae40c619dd7e21a82ceba73d22ed410961c140683e016afba
outputs/year_extension_20261008_v01/latest/supplement/tests.csv,408,323a94721f88d93932c329272054b3f6cdf3a57880346626beced5d1f2425b9c
outputs/year_extension_20261008_v01/latest/validate_results.log,1055,c76aa783b62e332dcaaf0efd01b8122d555a117ef53115fde165fd4201e1a21f
outputs/year_extension_20261008_v01/latest/validate_supplement.log,161,39f191c4725cadace0581772cbceebffd8dbae8c56de3a6009e3374c96f2406c
outputs/year_extension_20261008_v01/manuscript_text.txt,21910,90885504a9c68eebe930f8254650704917e5930ea884ded9770fa4ebc42829a1
outputs/year_extension_20261008_v01/metadata_gate.json,133,b23b8c68f23b0add675cb9d73ef47bcd47982abfd619902148351a945c4085ae
outputs/year_extension_20261008_v01/metadata_manifest.csv,17373,cd6dc6a22603b05196eedbb88831bf0d02414e3d822656ce3ffad1660e3f0e9e
outputs/year_extension_20261008_v01/official_frequencies.csv,27700,ad88beea5b7b14faa172642fc486b67b30c80081046d6107e2e55794f7bd15da
outputs/year_extension_20261008_v01/official_frequency_checks.csv,26346,e9e189da3c934b593482cc1f0d55fd92b912e3ac9e3d5b9510bacf002b7394e0
outputs/year_extension_20261008_v01/plan_lock.json,274,55e3c027f77981c1478a321e295c849d43ea62cd19aabca07d6466a08ca934f9
outputs/year_extension_20261008_v01/pooled/all_model_coefficients.csv,35974,919bb5772f69653f231a24383b9c7093dc97ea1f247658dba9a0e9b6b1e5eb44
outputs/year_extension_20261008_v01/pooled/analysis_gate.json,177,5a276c2e6a34d438a71eabc5c2dc30717a5af25b81bcb43ad4ed1c645c5e59d2
outputs/year_extension_20261008_v01/pooled/analysis_ranges.csv,62,f5be8c7a96d29c6b4ac47884cb9b719992a7d78e6486b6bbf60b557af7601791
outputs/year_extension_20261008_v01/pooled/analyze.log,698,4e0326759456fed6d5807ed7a402bada8f5c64037c0085339ce2bc1083fcea91
outputs/year_extension_20261008_v01/pooled/asthma_prevalence.csv,475,f5a7631b9dce648f72520d0e7ef9d7e6780047568acdf5b72ba8c0e2acca9cbe
outputs/year_extension_20261008_v01/pooled/binned_model_residuals.csv,2850,b3f0d1127d3b68efc1d88af8ef59c4d3b26f2a49bad27f3a6cc5f967769c0d90
outputs/year_extension_20261008_v01/pooled/categorical_cells.csv,2189,25aff3e2c92cbf378796e793c9e7efccf1f4a13633bb131006fd39260e9ae463
outputs/year_extension_20261008_v01/pooled/characteristics.csv,7632,6a40c8626e5910f5930aa4ba7a3a7aa957c7a45c5924430aff1d388128a7065a
outputs/year_extension_20261008_v01/pooled/collinearity.csv,3111,e7db1e08e32fc090c91407e4c67b0e06d9ee3151fcc6c5db14e0e7333aaeb27e
outputs/year_extension_20261008_v01/pooled/continuous_correlations.csv,138,72b638aef0c441e504ed1d4fd3b845416eb3fc07fd227de30f51505ef394792b
outputs/year_extension_20261008_v01/pooled/continuous_quantiles.csv,637,be32c574274fac4a6746f0e43fd6cf18eed92592891ec70d43c4efcd0068c63e
outputs/year_extension_20261008_v01/pooled/covariate_tests.csv,1733,ef1bd31008074c5312f0bc43cd60aee975acea8c0038008ea1d67d54e8493a59
outputs/year_extension_20261008_v01/pooled/covariates_asthma.csv,1936,be483f8ffdd625f16ca6944f41f3d4c98da25c95c9ae0d69e870a63bf0c2aae3
outputs/year_extension_20261008_v01/pooled/covariates_ra.csv,1850,027d469d62344c7750b4efd6865f59156d89e489c383412da319142a128d38a5
outputs/year_extension_20261008_v01/pooled/cycle_contributions.csv,1413,b1930ca16feb96c4dcfcc9d1d78379e56fc8141d9ce1eb0f1614b2286468f703
outputs/year_extension_20261008_v01/pooled/cycle_samples.csv,371,74c3ccbde7ca0f534de51a5bbacdbd998a4b2bcca4122487fdb4b5baf2813803
outputs/year_extension_20261008_v01/pooled/cycle_strata.csv,2500,d4dd54b1aa0d555c6462384c6fb4205202e534a7f4ba59d3f2e6b8910ac83de7
outputs/year_extension_20261008_v01/pooled/design_audit.csv,271,aaf4687cedaa62f87db584dc7d11476de4ab813f59f76c516952a0b6ccd54291
outputs/year_extension_20261008_v01/pooled/diagnose.log,446,d5cdfddee74ebffeee90fab29834e0ab292f74b0e196f5746c33c04decf83570
outputs/year_extension_20261008_v01/pooled/domain_psu_counts.csv,15597,e1d5c41c5d8abcdb6a229b99c656431b08185c27d75d5d80a716f36fdf2454de
outputs/year_extension_20261008_v01/pooled/education_raw_counts.csv,63,6a0fca1b51dd74cfaa427defd3ed16611267b51fb389f64b461107708358dd6d
outputs/year_extension_20261008_v01/pooled/environment.txt,1115,65d5db514d85800cc0ded9b91562bea280b99f354321ed3f1996d35ec3beec9b
outputs/year_extension_20261008_v01/pooled/environment_diagnostics.txt,1061,35969237df6325df0a1cfe5caa24e92ebab55d8cd6e1c0513c34e2d9078bacb8
outputs/year_extension_20261008_v01/pooled/independent_input_validation.json,133,a820d8821ee654ce74835cc0b7d9dc9f4a72b76a013e51cd5811b742c7f481e5
outputs/year_extension_20261008_v01/pooled/independent_validation.csv,477,d275209961993e9b1b38ec02103a3aaa9c451e9be039b1f8af80960aa930eaef
outputs/year_extension_20261008_v01/pooled/independent_validation.json,131,e6ac0f921bd3d07a15d9083ee4395840caf1435f79307862d72f8b37d3e2dc09
outputs/year_extension_20261008_v01/pooled/interaction_tests.csv,261,95af38726276f933aa176762d2f3fefbd08a167395b650431c0ae7c99b1d3f1f
outputs/year_extension_20261008_v01/pooled/missingness.csv,137,f8b4f1144475268d9fc77215c5c960b4665408a2c4101602d483c7288908321c
outputs/year_extension_20261008_v01/pooled/model_design_support.csv,1011,04d6e97e54f25692f5950b383d6f929ce8a1d1b3e68ed6a2ef868d58c4b097d6
outputs/year_extension_20261008_v01/pooled/model_diagnostics.csv,1848,dc3c56c1c84925109fd42e9ddd0b37b11c878954ac9645c6a7db59ca190b0755
outputs/year_extension_20261008_v01/pooled/model_gate.json,176,987924548606abc4a0353666d3d67aa554413aed7ebab0c6d533572621f3823d
outputs/year_extension_20261008_v01/pooled/model_ra_asthma_cells.csv,1136,a20d49a4a18a6cd26c31aec04b5da61a2537955f00ec31657240c3f3b9b07617
outputs/year_extension_20261008_v01/pooled/period_interactions.csv,191,b7ad838cc1cf4057504075a8db720c84da648c2c57e68782572c73a5c9bbbdf0
outputs/year_extension_20261008_v01/pooled/phenotype_qc.csv,6333,b7b37f037624aca3bc6f4a889d21a3e6d67d54b2af78a16d2bc9c4704bc599d5
outputs/year_extension_20261008_v01/pooled/pooling.log,2378,ae21102c3dd3e4c381b6c9514c9f50ab1d443bbeb375a712e43123a17094b446
outputs/year_extension_20261008_v01/pooled/pooling_gate.json,173,09704459475a677b28ce54ea2b380262869decbdf83235f63cfedcc1107cb82b
outputs/year_extension_20261008_v01/pooled/pooling_independent_validation.csv,174,cdfda4a2cc196225b02f311734f7d19ccd71789175cecadbe387c254cd5bec07
outputs/year_extension_20261008_v01/pooled/pooling_independent_validation.json,59,dfef3ad452b8118c0a781f0e7541268f4d8331c71b7b5303d39615095bbdc7db
outputs/year_extension_20261008_v01/pooled/pooling_model_diagnostics.csv,392,12f0ee168f700623fa567f01d50c2f818d39f057fe92750f98ca66d9e0e04882
outputs/year_extension_20261008_v01/pooled/pooling_models.csv,1707,b0814ebcf325cb05bf746a076db97ee46ae72ea0eef65aeee18a771e62273201
outputs/year_extension_20261008_v01/pooled/preparation_gate.json,149,f051c38a26d5160d62559cb59436ee61f693d06cc7f00b484f1281bce992a23d
outputs/year_extension_20261008_v01/pooled/regression.csv,836,8ce3b64b15d1092249061e319f7bc6d417d049657314e6efbfa63879be03d0cd
outputs/year_extension_20261008_v01/pooled/sample_flow.csv,894,6934ec30801470b7999cf5f1d56792f890ea4d32515d79d86be11a3a52176274
outputs/year_extension_20261008_v01/pooled/separation_checks.csv,294,457e27e2f7fac202386d71a12233e57a8ecb5c2475929329b228cdff98551c6a
outputs/year_extension_20261008_v01/pooled/smoking_missing_reasons.csv,168,b6853e7e34d41476ec5958641845960eec0cb07739f14e6f12a5201e95f2ad2c
outputs/year_extension_20261008_v01/pooled/source_reconstruction.csv,331,d76e812e663a0a261301abcedbab3985e98a4e59c005ee4a4135795719c23c53
outputs/year_extension_20261008_v01/pooled/subgroups.csv,1294,13a37dfd843b86e8b50fc886ef14604e79c280f49fd8134e8ef77d7e8141f409
outputs/year_extension_20261008_v01/pooled/validate_pooling.log,134,4e5c2c906bc84f22a52c6715486e350a3f96bf2e1cf68e278a5263e8bbbbd610
outputs/year_extension_20261008_v01/pooled/validate_results.log,1062,33436cc88b8c2e2e922e0f1b1b88dfacb9d3df0e249cd2ff5ffc6a0ab51145dd
outputs/year_extension_20261008_v01/prepandemic/all_model_coefficients.csv,35960,79159d33efae3e1abe316ea06946a9e98d8c4b8d2923aadd497f0cc30e325b9c
outputs/year_extension_20261008_v01/prepandemic/analysis_gate.json,177,0b85613ffad1c4e9a265c60d54f13fe0087358df3227aafc5ee04db215ebed06
outputs/year_extension_20261008_v01/prepandemic/analysis_ranges.csv,62,f5be8c7a96d29c6b4ac47884cb9b719992a7d78e6486b6bbf60b557af7601791
outputs/year_extension_20261008_v01/prepandemic/analyze.log,698,1bd29461b237c10055a8cbdc02dc1a5e0a20f0c09bce07b2c534a7f2ab3c9832
outputs/year_extension_20261008_v01/prepandemic/asthma_prevalence.csv,475,792aadb956ef3af44c0119107d253b0899faa1cfbbc5ee20ad86711990e1ce9e
outputs/year_extension_20261008_v01/prepandemic/binned_model_residuals.csv,2854,e6aef35e07b224832e6f909db6a30aec86c69486349b54a61bb7f5b3bafc32d8
outputs/year_extension_20261008_v01/prepandemic/categorical_cells.csv,2185,8c0ab1c82a8407a3a702be84c65398eea7fa3ee8d76d012b98a65c1246ad5bbf
outputs/year_extension_20261008_v01/prepandemic/characteristics.csv,7627,76fafc992aa84241511a90854be2b334b62b958504d784f084190a25314a689a
outputs/year_extension_20261008_v01/prepandemic/collinearity.csv,3109,a7cd43f2859accd606a44d0e6303f0ddf0b56d3b2efbb4a9d1ed3328ca055e5a
outputs/year_extension_20261008_v01/prepandemic/continuous_correlations.csv,138,331311a043179803ca7dd6e4a9cabd577dbce44895366c7c34cd214987b5baec
outputs/year_extension_20261008_v01/prepandemic/continuous_quantiles.csv,637,cd750d7f6a8dca3d849b83597c9bc020a930568f01a019f552b759cd0f72be11
outputs/year_extension_20261008_v01/prepandemic/covariate_tests.csv,1732,919a4dd09a0120689d4fa88d7f3b33b78db4d4a0e309a9ffc46959ad7c41ac40
outputs/year_extension_20261008_v01/prepandemic/covariates_asthma.csv,1934,2bda7de4c318e1a9f312a119d2128c2165d60a0a35da8d61a232a30aa0974233
outputs/year_extension_20261008_v01/prepandemic/covariates_ra.csv,1849,ae8470adb92c6eb0f5dc039d733ba776e6866e1a63380c3812eb304553bfa33e
outputs/year_extension_20261008_v01/prepandemic/cycle_samples.csv,342,5a81b9c2d9ff6e3fe57162820ff3e16094ed501d3ebdc90027c20ddc06a47ad8
outputs/year_extension_20261008_v01/prepandemic/cycle_strata.csv,2275,57524ac76f35d71ae3f833bc6bb7ba0ad9f754443deee7070841329464247b34
outputs/year_extension_20261008_v01/prepandemic/design_audit.csv,271,0f0f3cf48e481b017f041ccb22753cdf5021c6aa4e3789527d961b05ec3ff312
outputs/year_extension_20261008_v01/prepandemic/diagnose.log,446,d5cdfddee74ebffeee90fab29834e0ab292f74b0e196f5746c33c04decf83570
outputs/year_extension_20261008_v01/prepandemic/domain_psu_counts.csv,14169,728d6518e3305654d83c4ce4bccbc1b2e208f82b950f44dc6a09d261495687c3
outputs/year_extension_20261008_v01/prepandemic/education_raw_counts.csv,61,8d25ba4bc489a1e39d9b1e92c739de29257ca50af3296cf2546e929e1c7ffe1f
outputs/year_extension_20261008_v01/prepandemic/environment.txt,1115,65d5db514d85800cc0ded9b91562bea280b99f354321ed3f1996d35ec3beec9b
outputs/year_extension_20261008_v01/prepandemic/environment_diagnostics.txt,1061,35969237df6325df0a1cfe5caa24e92ebab55d8cd6e1c0513c34e2d9078bacb8
outputs/year_extension_20261008_v01/prepandemic/figures.log,98,6b9eb5818e01299f653394d5223677338f68066b59dbcf3956c800c843c558ed
outputs/year_extension_20261008_v01/prepandemic/figures/model_residual_diagnostic.png,75037,1d7edc7acf06be4fdf2f4b6b7321abf163c97ae8b58b9f47bf014d5488710f9a
outputs/year_extension_20261008_v01/prepandemic/figures/sample_flow.png,134163,8c386c5b0c59b2779ab2f8990268850163aca967551c75e64aaf8cfd68e28b4e
outputs/year_extension_20261008_v01/prepandemic/figures/subgroup_forest.pdf,28963,38fe5b348c856df007755dc8f6fa9bf41205a66cef9603c7daca30407521e9c2
outputs/year_extension_20261008_v01/prepandemic/figures/subgroup_forest.png,83541,f6fcb5ec7252a25464e8474bad4f68663763135b26268c5c0a66f94762ad89c7
outputs/year_extension_20261008_v01/prepandemic/independent_input_validation.json,133,530ea844aadda2cd3d9dabe4fb126815b00a20865c836c851dceba8ccf75d8bf
outputs/year_extension_20261008_v01/prepandemic/independent_validation.csv,477,58fb960e5e7d8725e4abba76ae1a6234f0a8970c54a197b70027adb45b795acb
outputs/year_extension_20261008_v01/prepandemic/independent_validation.json,131,ec4ed4aa392564bed68b7607e89deb53ec260eea187368f7fef5e8b6cb1c27d4
outputs/year_extension_20261008_v01/prepandemic/interaction_tests.csv,261,e6c00fff475ca6afe2873be0fef40a3b6f2ca64c3227afe016354afb6d63db68
outputs/year_extension_20261008_v01/prepandemic/missingness.csv,137,a39a9b7a2196c083bc89a2e34c8c3cf2a95ad1cc71d2c5e99b1aa72e19154d11
outputs/year_extension_20261008_v01/prepandemic/model_design_support.csv,1016,bb2c7174d51487668110a35e3fa5eb46ad5dec02a3f23fab01cb40031f816353
outputs/year_extension_20261008_v01/prepandemic/model_diagnostics.csv,1847,e7f0cd2916a6076d375f77cc5d8fb804bbd414dc6ce2c1fc6071fa3eabbd8758
outputs/year_extension_20261008_v01/prepandemic/model_gate.json,176,987924548606abc4a0353666d3d67aa554413aed7ebab0c6d533572621f3823d
outputs/year_extension_20261008_v01/prepandemic/model_ra_asthma_cells.csv,1136,5d6bf5187c1e3ae82d244f11682c735f0716d590012daa8a85e88ab70218fb36
outputs/year_extension_20261008_v01/prepandemic/phenotype_qc.csv,5696,ab3e491dd65a34ce6329acaed0b67c943faa54027ddd1c70a416a49bc332f334
outputs/year_extension_20261008_v01/prepandemic/preparation_gate.json,149,a9eda5a2400622cae8c88fc676a457d81d86ce12f64aa592590458f954207f9f
outputs/year_extension_20261008_v01/prepandemic/regression.csv,837,421fce8db665edf6f02b47726096a957d61c33be4fd71f065beb26562805fbb3
outputs/year_extension_20261008_v01/prepandemic/sample_flow.csv,892,122fdd0b07dd3a71d00e3c2bd3cd32a9cd2e60f268b62db9097711eff1625ddc
outputs/year_extension_20261008_v01/prepandemic/separation_checks.csv,294,457e27e2f7fac202386d71a12233e57a8ecb5c2475929329b228cdff98551c6a
outputs/year_extension_20261008_v01/prepandemic/smoking_missing_reasons.csv,168,63adfcb9f16379ff42be100de7cdfd4990c49cbc61613300db1a0920fda3ec6d
outputs/year_extension_20261008_v01/prepandemic/source_reconstruction.csv,306,6e39a6f71866947a878873fc2ddeefbb7972aeebcfa4ea968dc5c834c19b5a3b
outputs/year_extension_20261008_v01/prepandemic/subgroups.csv,1297,3175c4324ef4568e37fe1262f31aa6483d143c2f0691e70a63f41d0dbde8b34a
outputs/year_extension_20261008_v01/prepandemic/supplement.log,9817,3a3a994998e9faf5b7b690668b067fcd77256b2888171a4d569a74c948bc3f09
outputs/year_extension_20261008_v01/prepandemic/supplement/all_estimates.csv,2509,3ddc3337392073aae503fbc0b742179e976100a1314bcef44cdc461d86e2a348
outputs/year_extension_20261008_v01/prepandemic/supplement/analysis_gate.json,270,4987c1c45e5fb35a8c90d532c145fe3865148eb6b7e240f5207560a40c53b4b3
outputs/year_extension_20261008_v01/prepandemic/supplement/binned_residuals.csv,5754,eaedae001d0a11b68bc5094bac8017dc0840a8865614408d253b607ece7a5fca
outputs/year_extension_20261008_v01/prepandemic/supplement/covariate_support.csv,601,3b9baa400d265a4c1c082f60737582369987f3007cfb4bdeb225c99a8325dd25
outputs/year_extension_20261008_v01/prepandemic/supplement/diagnostics.csv,2470,6365b077a40a01c75e1eda8d0c6e30a1679921c1077c8d4272c7cebc50beb420
outputs/year_extension_20261008_v01/prepandemic/supplement/environment.txt,1026,8284541c4586a43218ad4e334320b376096e82146ffe9bf464ba3029256a1be8
outputs/year_extension_20261008_v01/prepandemic/supplement/independent_validation.csv,1039,8802c6aeee013349798d25d3768852cd8bcdb1a90024612a78ac1b16dfe13a77
outputs/year_extension_20261008_v01/prepandemic/supplement/independent_validation.json,181,7d8e4433cd4a6e8316f8be9c53a9e3ce2731a96d6376eaffb948bb20ad4b8e61
outputs/year_extension_20261008_v01/prepandemic/supplement/knots.csv,84,fe139a3e71146beb843d4fdaf9078bc9456d0b66be69d5c5e1c4e05a43898bc2
outputs/year_extension_20261008_v01/prepandemic/supplement/missing_patterns.csv,668,7f2bf10ac814612b11fb89ee7b654e70a231548c56973d67be857beccb1f6b91
outputs/year_extension_20261008_v01/prepandemic/supplement/numerical_validation.csv,922,d23078f70a86072b0196cb16e19a541581a9ed9582015ca7738704b1a1525db4
outputs/year_extension_20261008_v01/prepandemic/supplement/older_age_basis_validation.csv,185,386cbf4fde7ce5e9d8139f7bf1a4f177f73a24b71cbbddc97a0695ff8e02cafd
outputs/year_extension_20261008_v01/prepandemic/supplement/regression.csv,807,8312044f305aa480f8da301aea90648bf1c06b8ba4b38696a5e6d4b26b36c4cb
outputs/year_extension_20261008_v01/prepandemic/supplement/selection_characteristics.csv,4622,f7f9400954d3690716ffcd7adce14f2ab59dc827c72702a8a52979601021300f
outputs/year_extension_20261008_v01/prepandemic/supplement/selection_rates.csv,440,0fb2d32223d86c36e69f53fa7f0634d9384f96348b2631dc0607a74155ee7ffa
outputs/year_extension_20261008_v01/prepandemic/supplement/selection_weight_diagnostics.csv,369,083894d7224a326d43ccdbc73bb1e7240b60ea80578a8b1d142c797fba46bfa4
outputs/year_extension_20261008_v01/prepandemic/supplement/standardized_covariance.csv,229,c5e1da0d462608f0ea1f94c0552a1859723624e9355e443634655489a7315db7
outputs/year_extension_20261008_v01/prepandemic/supplement/standardized_prevalence.csv,1216,7a6bceca8c93770935048b664dd9e369b781d6a49d8c16519415cce5f9ea82e8
outputs/year_extension_20261008_v01/prepandemic/supplement/support_cells.csv,1579,a34254d72394db19ff71dbca51787de0c7018c5d71b0c8fb8fcda9debd2d8538
outputs/year_extension_20261008_v01/prepandemic/supplement/support_overlap.csv,128,652b608714a8515707395937ea819c4ca042af0ac0c942869243854d0de17c45
outputs/year_extension_20261008_v01/prepandemic/supplement/tests.csv,485,7227062c6744206d2a69fa829d1d06ef11e3ccaa6edd69b41733eba84b6bbf47
outputs/year_extension_20261008_v01/prepandemic/validate_results.log,1064,42bcb6bebc243935de31c1b798f793fef02c02b4818fa7a98bdc8b61d83f6c9c
outputs/year_extension_20261008_v01/prepandemic/validate_supplement.log,161,93422043c8a5e20f3ed9f42aba3e80e93258b2957dc31f476e3667c90657018e
outputs/year_extension_20261008_v01/prepare.log,517,b7cc73abe19cf146927cda8465fe872ac7ea49940c15958bbc9b443f03b57362
outputs/year_extension_20261008_v01/questionnaire_key_sections.txt,155962,0992e0232fd1bc5dad0f004c0b1aa6a59bf3cc767de02d16a645803c89e2209d
outputs/year_extension_20261008_v01/questionnaire_manifest.csv,18397,fe01be8226fbaf3a83e53336af601002193face592e71d99a9ca81a31772da47
outputs/year_extension_20261008_v01/questionnaires.log,84,df2d37b37c706322af4035cccd4d1727bab7b3ff56dd6148d3b1c2440d398309
outputs/year_extension_20261008_v01/render.log,122,a5e58475e055cda282bb03d3f2e76148dd1de95f4365348eefe9a81b3d9b960b
outputs/year_extension_20261008_v01/report_validation.json,13901,c2b82fb976cde9e4853bf434c253446239f9ff05f027a49af5659d628bc70f5f
outputs/year_extension_20261008_v01/source_bindings.json,59317,1d163d7902e1065c3082fbf875bfe76e0c220a7c191a95d6192c91758270f594
outputs/year_extension_20261008_v01/syntax.log,19152,18469b4bcddcc269b5006f7f5aa9b4a02c47dd47383dad5237dba72e589539c1
outputs/year_extension_20261008_v01/variable_dictionary.csv,88941,b6b519da8be1aeaa6e3558a1e4d6176aca22c60b0583870be01b8cd11d7ef28a
outputs/year_extension_20261008_v01/verify_inputs.log,115,31b11dc2a2e13210db6ede001bb800443623dd62169c49b04b1f60b913a96ddb
outputs/year_extension_20261008_v01/visual_qa.json,2520,b94edd38503645e1d2864a38818f880515784ecac25937462dfb506b1535572b
outputs/year_extension_20261008_v01/哮喘与类风湿关节炎_更新至2023年_研究稿_v03.docx,433727,4483b0979609c715a8eb0264c0b1e67a09bfb5439a86e6aed7e63b6a37f86b23
outputs/year_extension_20261008_v01/哮喘与类风湿关节炎_更新至2023年_研究稿_v03.pdf,1566964,884f2d98e0186ccd4b85265404a53124bd822fb468e4ace0cd5c32b2787e61ae
outputs/year_extension_20261008_v01/复现与交付说明.md,4842,d1a5faff8fc02cf4380011dfcb8c114794fd5fd96f5266e4d3a997e256f4bb27
scripts/review_delivery/build_review_results.py,6571,88bab7e73de3c4a4a9cfdefc7a7344188735b390b121090a821c4593a5a46259
scripts/review_delivery/export_review_data.R,1864,89f9083ac3a817cd1f8be6b4d003f24e7bbd7aa921b7e31728e1c808487b1500
scripts/review_delivery/fix_figure_pdf_unicode.py,2910,818fd613f15fcba82198daa4aed94edfb3428f0ef1b5e5e78ed777faafffa624
scripts/review_delivery/package_data.py,2795,f9ec1a9fb848859c2273448dace31019ccc7658a21c9f2bc0d88c903525b13cf
scripts/review_delivery/package_review_materials.py,2262,b699e6320c139bd19ab34cbbd91e79d3c652bfd87e5f12917ffe835d3defa367
scripts/review_delivery/redraw_figures_v02.R,6263,bb88c7585b56c04e7b8d2a936094b6a853b534e127c07f058363b92fc4aede7f
scripts/review_delivery/redraw_figures_v03.R,8423,a18f304d6ba55a756339539d7bbc33ecef13263e52b56e38a1ee99455e123314
scripts/review_delivery/redraw_figures_v04_pooled.R,8422,43c646a5fc2786afb98eb02702f6e002856ba51a0efc1a671e3ce9139cdaad8a
scripts/review_delivery/register_figure_fonts.c,518,d6dea0b60b54399ad68b8e4f52eaca8a4146945eef4c5866f473272111310afb
scripts/review_delivery/split_subgroup_forest.R,3055,679dbbefa87e7c412a167cd28bdbe56c08a994cfe6891148eaa5672f22d199b6
scripts/review_delivery/verify_data_exports.R,1094,8335d90badf805d1f0f7d3eca9437bfb9761c79fae2e52a058f6d595970709ba
scripts/review_delivery/verify_delivery.py,2333,04e9c30263efafb52e56edef57db5456511ce57e78c8f8a5af37074db26457e9
scripts/year_extension_v1/acquire.py,4348,300a906f7777a082d4b8fb763e4433b58c3a7479e8b5968ef2f856889b27440f
scripts/year_extension_v1/analyze.R,9874,0ecd1be570d4811a5bd4fe27dcf958c2198c478de2eef0747e88724e5da40c53
scripts/year_extension_v1/audit_metadata.py,3050,8c9da4aada10bf02c4062c0190a4782132088be890dd9dad61d390e206ed8d4a
scripts/year_extension_v1/build_report.py,34524,f41aa46679c6f15f80fd396a0bcba7801d049c6a0fd6fd01f55d999469dd3a5a
scripts/year_extension_v1/diagnose.R,3552,a99ba580a04d8f0b29a52fe6b48658fcae96ea4ea332ed60c3b96f2dfad171df
scripts/year_extension_v1/figures.R,5495,3f1c6a96c0a8ce36f5e79944bf8db84ef631b19a7f1fb65cbfe3d5d9442c4f93
scripts/year_extension_v1/fonts.conf,571,e94209f97b672d4b40e47d973f982fc3691e75f160de07d9fca73ebf81650216
scripts/year_extension_v1/package_delivery.py,3071,32d5ee19a0fe7927912d35e07bac2bee0623982da96f4029c6030d0bea12b0f0
scripts/year_extension_v1/pooling.R,4448,41394d02e3baaa69297218ef242f2d67120107dbe687c2e634021780022e0ed4
scripts/year_extension_v1/prepare.R,9706,ad1100d244f5337d7e3b334596882fd1dc081f5db8a4e6bfaa4180a60616f296
scripts/year_extension_v1/questionnaires.py,1815,5d1126343d3bc26f123cce64da4a0f69eb9818410cbb3b58a97da024a6dd3af0
scripts/year_extension_v1/run_analysis.sh,872,8651503fdc09645f96da95f000c7de35b45f8efe0df6b31b9228639e912344fc
scripts/year_extension_v1/supplement.R,14536,82a92562fa60198342a20a520ee67282e9e92adf8eb225259a8d43db2a76d3fa
scripts/year_extension_v1/validate_pooling.R,1470,9b34fc8cce5459b3db54cf2bee5451485a675291d8e0442d4feba47e724e31e7
scripts/year_extension_v1/validate_report.py,2230,9d198baf490233f28105f685d1c6204772eab36352cff7ca09dcff77622f753b
scripts/year_extension_v1/validate_results.R,3974,3b15a8d1ab7e96b9fe827da68ecfb3e608e579411df69a834a88d58164e4d7ce
scripts/year_extension_v1/validate_supplement.R,6217,b8cfc70ea61a05a73dbf61182bdddfd23628ce3fffbb6be2d4ae2d10f57aa3bd
scripts/year_extension_v1/verify_inputs.R,2959,222b6bf38b97cd5f18c49aa338530bd1b83c526b1d12f1a2fb6078c190bb8423
