cycle,module,file,url,bytes,sha256,relative_path,rows,reused_existing,retrieved_utc
1999-2000,DEMO,DEMO,https://wwwn.cdc.gov/Nchs/Data/Nhanes/Public/1999/DataFiles/DEMO.xpt,11500560,a17bd1ebfd6007b8dc93f16259cb090678eb6c467a39363b7e932bba15febf89,raw/1999-2000/DEMO.xpt,9965,False,2026-09-23T15:00:54.082029+00:00
1999-2000,MCQ,MCQ,https://wwwn.cdc.gov/Nchs/Data/Nhanes/Public/1999/DataFiles/MCQ.xpt,12706880,3bf45a296282a80baa23b4651c655cf422a235a08a142aa2ab5dd7ca963a2e5a,raw/1999-2000/MCQ.xpt,9493,False,2026-09-23T15:00:48.884346+00:00
1999-2000,SMQ,SMQ,https://wwwn.cdc.gov/Nchs/Data/Nhanes/Public/1999/DataFiles/SMQ.xpt,1733760,fb1505ea08e310a5cb703ccae0e220aede3da812674e9e53f832fe76e31c2ce3,raw/1999-2000/SMQ.xpt,4880,False,2026-09-23T15:00:49.940196+00:00
2001-2002,DEMO,DEMO_B,https://wwwn.cdc.gov/Nchs/Data/Nhanes/Public/2001/DataFiles/DEMO_B.xpt,3273520,6458dc2307cee244ab6ba26f70ec78c7b842ffc68e668bc43f0ab6b9737937d9,raw/2001-2002/DEMO_B.xpt,11039,False,2026-09-23T15:00:53.433305+00:00
2001-2002,MCQ,MCQ_B,https://wwwn.cdc.gov/Nchs/Data/Nhanes/Public/2001/DataFiles/MCQ_B.xpt,12417920,6e31c8d78e1ab0d1aaa8f012411641d6b51bc9601c2237d999d0acdddd04de01,raw/2001-2002/MCQ_B.xpt,10470,False,2026-09-23T15:00:54.171341+00:00
2001-2002,SMQ,SMQ_B,https://wwwn.cdc.gov/Nchs/Data/Nhanes/Public/2001/DataFiles/SMQ_B.xpt,2073680,179d7ad46de9478824d475de0e6425f474b34dd4798066a552acd31b89f07fde,raw/2001-2002/SMQ_B.xpt,5411,False,2026-09-23T15:00:56.411221+00:00
2003-2004,DEMO,DEMO_C,https://wwwn.cdc.gov/Nchs/Data/Nhanes/Public/2003/DataFiles/DEMO_C.xpt,3569840,2a2fdb88263337bfa06f0516bfb419631595f0a0ee88fb96069bed13d1857c6f,raw/2003-2004/DEMO_C.xpt,10122,False,2026-09-23T15:00:59.375140+00:00
2003-2004,MCQ,MCQ_C,https://wwwn.cdc.gov/Nchs/Data/Nhanes/Public/2003/DataFiles/MCQ_C.xpt,11904960,42487737067c5dbdf533bb91b5f752d1fff1dfa9eed91c7ae54ab5e49b65b019,raw/2003-2004/MCQ_C.xpt,9645,False,2026-09-23T15:00:57.607732+00:00
2003-2004,SMQ,SMQ_C,https://wwwn.cdc.gov/Nchs/Data/Nhanes/Public/2003/DataFiles/SMQ_C.xpt,1932320,fbfe1e4b286ab43fdc3fd84c3830bb241b8b5ca84b3ab5902b8808e4136efc2c,raw/2003-2004/SMQ_C.xpt,5041,False,2026-09-23T15:01:07.137284+00:00
2005-2006,DEMO,DEMO_D,https://wwwn.cdc.gov/Nchs/Data/Nhanes/Public/2005/DataFiles/DEMO_D.xpt,3566560,bf9cc79cce501b2fbe5aa8d5b403b618548d02d4aefeb528335cdd9f4c40a3af,raw/2005-2006/DEMO_D.xpt,10348,False,2026-09-23T15:01:05.050651+00:00
2005-2006,MCQ,MCQ_D,https://wwwn.cdc.gov/Nchs/Data/Nhanes/Public/2005/DataFiles/MCQ_D.xpt,7006480,12bf5f557c97284e096a8cd8aefbc8e3ab9f12a410c2f50474c4dfddd2ebf6f4,raw/2005-2006/MCQ_D.xpt,9822,False,2026-09-23T15:01:04.000628+00:00
2005-2006,SMQ,SMQ_D,https://wwwn.cdc.gov/Nchs/Data/Nhanes/Public/2005/DataFiles/SMQ_D.xpt,2578880,ef82433aca1a36ba2310a624ccdbaf195e2a258a88af0f284ef2a58d36be3011,raw/2005-2006/SMQ_D.xpt,7186,False,2026-09-23T15:01:09.403924+00:00
2007-2008,DEMO,DEMO_E,https://wwwn.cdc.gov/Nchs/Data/Nhanes/Public/2007/DataFiles/DEMO_E.xpt,3498080,02b8e97703d04bc99769c751881bece51ac9ba68cf18a2992a45d3bdfb856147,raw/2007-2008/DEMO_E.xpt,10149,False,2026-09-23T15:01:12.170607+00:00
2007-2008,MCQ,MCQ_E,https://wwwn.cdc.gov/Nchs/Data/Nhanes/Public/2007/DataFiles/MCQ_E.xpt,7127840,dfbe11c6b036ec4e79aeba7805833fc4951c74662a9510066c3a93932f6990e6,raw/2007-2008/MCQ_E.xpt,9666,False,2026-09-23T15:01:11.404639+00:00
2007-2008,SMQ,SMQ_E,https://wwwn.cdc.gov/Nchs/Data/Nhanes/Public/2007/DataFiles/SMQ_E.xpt,2449520,881865ee05f4b2be0c03c761f00ad8e355f2cc5e7d3be41666edef6f3dca5862,raw/2007-2008/SMQ_E.xpt,7145,False,2026-09-23T15:01:12.689030+00:00
2009-2010,DEMO,DEMO_F,https://wwwn.cdc.gov/Nchs/Data/Nhanes/Public/2009/DataFiles/DEMO_F.xpt,3631600,78c4d4a6e5eafa9da3bbb24a90d140fef5d8c0cda932a7ff8ee609288d4fae07,raw/2009-2010/DEMO_F.xpt,10537,False,2026-09-23T15:01:15.814410+00:00
2009-2010,MCQ,MCQ_F,https://wwwn.cdc.gov/Nchs/Data/Nhanes/Public/2009/DataFiles/MCQ_F.xpt,6562720,c2f0f9223c6a9e38e5bf6d26501c4b11d3cfd97b82db46e1c9c266f24761c457,raw/2009-2010/MCQ_F.xpt,10109,False,2026-09-23T15:01:16.440209+00:00
2009-2010,SMQ,SMQ_F,https://wwwn.cdc.gov/Nchs/Data/Nhanes/Public/2009/DataFiles/SMQ_F.xpt,2580560,ee85c82ea55046eb7bf491088b5bb9efecbea8aaf66ae8c89123bad23a5f1901,raw/2009-2010/SMQ_F.xpt,7528,False,2026-09-23T15:01:15.262586+00:00
2011-2012,DEMO,DEMO_G,https://wwwn.cdc.gov/Nchs/Data/Nhanes/Public/2011/DataFiles/DEMO_G.xpt,3753760,eaf0525d1952626885af3e935415a1f66ad62c18698080e7354789c125af252d,raw/2011-2012/DEMO_G.xpt,9756,False,2026-09-23T15:01:22.001954+00:00
2011-2012,MCQ,MCQ_G,https://wwwn.cdc.gov/Nchs/Data/Nhanes/Public/2011/DataFiles/MCQ_G.xpt,6905520,7538eb86c72b81fd5e76b56120fcb068ed38149d44650e9e750670ad58658d52,raw/2011-2012/MCQ_G.xpt,9364,False,2026-09-23T15:01:20.078381+00:00
2011-2012,SMQ,SMQ_G,https://wwwn.cdc.gov/Nchs/Data/Nhanes/Public/2011/DataFiles/SMQ_G.xpt,1946960,69f2375f036a815082b1e97110e79c505b91e0985c61696f8eaacf94828115dc,raw/2011-2012/SMQ_G.xpt,6790,False,2026-09-23T15:01:19.844622+00:00
2013-2014,DEMO,DEMO_H,https://wwwn.cdc.gov/Nchs/Data/Nhanes/Public/2013/DataFiles/DEMO_H.xpt,3833200,f8f0cbb3085a323d4cde22349b164878fea1e64dbc404e65b5815c7816b547d7,raw/2013-2014/DEMO_H.xpt,10175,False,2026-09-23T15:01:24.467674+00:00
2013-2014,MCQ,MCQ_H,https://wwwn.cdc.gov/Nchs/Data/Nhanes/Public/2013/DataFiles/MCQ_H.xpt,7439280,5c83210e6e1fe929282621322ed0f94d95cdb0a37ccaff36f703ab0b2e7b9dc6,raw/2013-2014/MCQ_H.xpt,9770,False,2026-09-23T15:01:25.203902+00:00
2013-2014,SMQ,SMQ_H,https://wwwn.cdc.gov/Nchs/Data/Nhanes/Public/2013/DataFiles/SMQ_H.xpt,2170000,86d74bb8842ce6d60350944417cbd3e9ee39dd5a9fa1bda33426f276b673861f,raw/2013-2014/SMQ_H.xpt,7168,False,2026-09-23T15:01:27.329875+00:00
2015-2016,DEMO,DEMO_I,https://wwwn.cdc.gov/Nchs/Data/Nhanes/Public/2015/DataFiles/DEMO_I.xpt,3756480,c9297c6c37ae8f78f29be9568fa2a03cf3b112616a39afee04030fc775a66a0d,raw/2015-2016/DEMO_I.xpt,9971,False,2026-09-23T15:01:31.443333+00:00
2015-2016,MCQ,MCQ_I,https://wwwn.cdc.gov/Nchs/Data/Nhanes/Public/2015/DataFiles/MCQ_I.xpt,6907360,8b2bd62f5bcd5820d6aac380e4bad233d22ecab42fcf4a3a9a023ffc6b9f4002,raw/2015-2016/MCQ_I.xpt,9575,False,2026-09-23T15:01:37.334796+00:00
2015-2016,SMQ,SMQ_I,https://wwwn.cdc.gov/Nchs/Data/Nhanes/Public/2015/DataFiles/SMQ_I.xpt,2681040,529ce1c407e99dce937ca75d14c8c630e0c9c30a4a9a851760cd2884bbb28fe0,raw/2015-2016/SMQ_I.xpt,7001,False,2026-09-23T15:01:31.870291+00:00
2017-2018,DEMO,DEMO_J,https://wwwn.cdc.gov/Nchs/Data/Nhanes/Public/2017/DataFiles/DEMO_J.xpt,3412720,c0b46e0345ea19404928656277c8b0d10b0cca348a9b2fe4fc3c67e8b7ee73ec,raw/2017-2018/DEMO_J.xpt,9254,True,2026-09-23T15:01:31.577142+00:00
2017-2018,MCQ,MCQ_J,https://wwwn.cdc.gov/Nchs/Data/Nhanes/Public/2017/DataFiles/MCQ_J.xpt,5420800,79c50c805a377fcd61d44fae8b86a16af0a5741f8b1aeebda918d7d743c68f98,raw/2017-2018/MCQ_J.xpt,8897,True,2026-09-23T15:01:31.664606+00:00
2017-2018,SMQ,SMQ_J,https://wwwn.cdc.gov/Nchs/Data/Nhanes/Public/2017/DataFiles/SMQ_J.xpt,2305600,73c3708e540cbf520a566508aa629c3e4ba53cad77dae9388ca36384646455f4,raw/2017-2018/SMQ_J.xpt,6724,False,2026-09-23T15:01:34.327230+00:00
