"ra","asthma","n","model"
"0","0",30551,"M0"
"1","0",1879,"M0"
"0","1",4204,"M0"
"1","1",493,"M0"
"0","0",30551,"M1"
"1","0",1879,"M1"
"0","1",4204,"M1"
"1","1",493,"M1"
"0","0",30551,"M2"
"1","0",1879,"M2"
"0","1",4204,"M2"
"1","1",493,"M2"
"0","0",30551,"M3"
"1","0",1879,"M3"
"0","1",4204,"M3"
"1","1",493,"M3"
"0","0",13751,"agegroup_20_39"
"1","0",160,"agegroup_20_39"
"0","1",2372,"agegroup_20_39"
"1","1",66,"agegroup_20_39"
"0","0",10678,"agegroup_40_59"
"1","0",647,"agegroup_40_59"
"0","1",1239,"agegroup_40_59"
"1","1",224,"agegroup_40_59"
"0","0",6122,"agegroup_60_79"
"1","0",1072,"agegroup_60_79"
"0","1",593,"agegroup_60_79"
"1","1",203,"agegroup_60_79"
"0","0",15635,"sex_Male"
"1","0",830,"sex_Male"
"0","1",1906,"sex_Male"
"1","1",156,"sex_Male"
"0","0",14916,"sex_Female"
"1","0",1049,"sex_Female"
"0","1",2298,"sex_Female"
"1","1",337,"sex_Female"
"0","0",30551,"interaction_agegroup"
"1","0",1879,"interaction_agegroup"
"0","1",4204,"interaction_agegroup"
"1","1",493,"interaction_agegroup"
"0","0",30551,"interaction_sex"
"1","0",1879,"interaction_sex"
"0","1",4204,"interaction_sex"
"1","1",493,"interaction_sex"
