"model","term","n","events","beta","se","OR","lower","upper","p","df","status","formula"
"M0","(Intercept)",3563,599,-1.62693120484993,0.0663619901252645,0.196531765381952,0.170609418297743,0.226392746599368,1.62190053076596e-13,15,"estimable","asthma ~ ra"
"M0","ra",3563,599,0.470164769418788,0.195678841932113,1.60025784505092,1.05451947655257,2.42842851894862,0.0296657912124919,15,"estimable","asthma ~ ra"
"M1","(Intercept)",3563,599,-0.86024500624811,0.207933221670335,0.42305841766338,0.27159475985813,0.65899071414093,0.000877703869301056,15,"estimable","asthma ~ ra + age + sex + race"
"M1","ra",3563,599,0.730350101326491,0.182881109946987,2.07580722333458,1.40571805391876,3.06531997397042,0.00117455913361036,15,"estimable","asthma ~ ra + age + sex + race"
"M1","age",3563,599,-0.0185845871635402,0.00405022540458756,0.981587041416469,0.973149618556406,0.990097618602612,0.00035496567019867,15,"estimable","asthma ~ ra + age + sex + race"
"M1","sexFemale",3563,599,0.0753526788511451,0.106696777257695,1.07826436487141,0.858931487561276,1.35360509818147,0.490868704179171,15,"estimable","asthma ~ ra + age + sex + race"
"M1","raceMexican",3563,599,-0.21357384550995,0.220198647185783,0.807692513482729,0.505141772245147,1.29145367138525,0.347469840035889,15,"estimable","asthma ~ ra + age + sex + race"
"M1","raceOther_Hispanic",3563,599,-0.276467343635384,0.211173482131016,0.75845838722089,0.483563341648348,1.18962517544195,0.210169351729429,15,"estimable","asthma ~ ra + age + sex + race"
"M1","raceNH_Black",3563,599,0.159104606543066,0.186696489270634,1.17246058731502,0.787549116025993,1.74549599616554,0.407498826980943,15,"estimable","asthma ~ ra + age + sex + race"
"M1","raceOther_Multiracial",3563,599,-0.0255583821018462,0.173946566359471,0.974765468447624,0.672793580444148,1.41227227205506,0.885142046469137,15,"estimable","asthma ~ ra + age + sex + race"
"M2","(Intercept)",3563,599,-0.833469492123344,0.233837804631127,0.434539038169239,0.263979725920868,0.715298021597503,0.00282509364644532,15,"estimable","asthma ~ ra + age + sex + race + education + pir"
"M2","ra",3563,599,0.735191981756417,0.17854572102407,2.08588240543568,1.42565418535373,3.05186591110565,0.000912975658001236,15,"estimable","asthma ~ ra + age + sex + race + education + pir"
"M2","age",3563,599,-0.0184705909851842,0.00422873794966116,0.981698944966082,0.972890314278513,0.990587329736358,0.000551283865468002,15,"estimable","asthma ~ ra + age + sex + race + education + pir"
"M2","sexFemale",3563,599,0.0708747891993177,0.116568074734345,1.07344681031878,0.837290512650798,1.37621057109021,0.55227494404241,15,"estimable","asthma ~ ra + age + sex + race + education + pir"
"M2","raceMexican",3563,599,-0.221526217103792,0.223543140707819,0.801294914240618,0.497580889928841,1.29039027137819,0.337413995269584,15,"estimable","asthma ~ ra + age + sex + race + education + pir"
"M2","raceOther_Hispanic",3563,599,-0.280012709385341,0.210838379200512,0.755774135969961,0.48219625636622,1.18456860056443,0.20400308650272,15,"estimable","asthma ~ ra + age + sex + race + education + pir"
"M2","raceNH_Black",3563,599,0.158260707686568,0.177023895653593,1.17147156654154,0.803276095388675,1.70843579074921,0.38543788853299,15,"estimable","asthma ~ ra + age + sex + race + education + pir"
"M2","raceOther_Multiracial",3563,599,-0.0245522864094437,0.178927356906972,0.975746669294738,0.666358863166554,1.4287820201197,0.892682368139603,15,"estimable","asthma ~ ra + age + sex + race + education + pir"
"M2","educationLess_than_9th",3563,599,0.0812879457518185,0.359374220628653,1.08468318151823,0.504241442271798,2.33328224464803,0.824104587762783,15,"estimable","asthma ~ ra + age + sex + race + education + pir"
"M2","education9th_11th",3563,599,-0.0806077298720171,0.382419774687882,0.922555511442925,0.408315064838374,2.08444102357726,0.83589303187549,15,"estimable","asthma ~ ra + age + sex + race + education + pir"
"M2","educationHigh_school",3563,599,-0.045290933507271,0.146583713413147,0.95571939058776,0.699264141811279,1.30622964761141,0.761589393640148,15,"estimable","asthma ~ ra + age + sex + race + education + pir"
"M2","educationSome_college",3563,599,0.0327844777022308,0.0960447406511215,1.03332781005664,0.842038079155641,1.26807372429898,0.73757788039742,15,"estimable","asthma ~ ra + age + sex + race + education + pir"
"M2","pir",3563,599,-0.00819390076295675,0.0302953058136796,0.991839577739654,0.929817622809159,1.0579986051444,0.790486519744281,15,"estimable","asthma ~ ra + age + sex + race + education + pir"
"M3","(Intercept)",3563,599,-1.50335470369493,0.303120901434366,0.222382878730424,0.116549219373266,0.424319828295429,0.000171286214315493,15,"estimable","asthma ~ ra + age + sex + race + education + pir + bmi + smoking"
"M3","ra",3563,599,0.678546332317028,0.185054247590156,1.97101045450037,1.32858244152188,2.92408065193128,0.00228990992738869,15,"estimable","asthma ~ ra + age + sex + race + education + pir + bmi + smoking"
"M3","age",3563,599,-0.0199802672946807,0.00440590515217115,0.980218015469166,0.971055910684387,0.989466566526671,0.000394891644700649,15,"estimable","asthma ~ ra + age + sex + race + education + pir + bmi + smoking"
"M3","sexFemale",3563,599,0.0727690395747771,0.128736167381362,1.07548211442146,0.817400900746382,1.41504832865279,0.580255841499162,15,"estimable","asthma ~ ra + age + sex + race + education + pir + bmi + smoking"
"M3","raceMexican",3563,599,-0.220726615383122,0.22242827360528,0.801935887260223,0.499163661483679,1.28835734028461,0.336766124537951,15,"estimable","asthma ~ ra + age + sex + race + education + pir + bmi + smoking"
"M3","raceOther_Hispanic",3563,599,-0.270576444514283,0.227478143775846,0.762939575221689,0.469806378079681,1.23897167556275,0.252746283658652,15,"estimable","asthma ~ ra + age + sex + race + education + pir + bmi + smoking"
"M3","raceNH_Black",3563,599,0.135064268025811,0.166222017528642,1.14461034383465,0.803137316177665,1.63126879155426,0.429182329526418,15,"estimable","asthma ~ ra + age + sex + race + education + pir + bmi + smoking"
"M3","raceOther_Multiracial",3563,599,0.0270810801314036,0.180796232988623,1.02745110525698,0.698879480588797,1.51049759366867,0.882927464106184,15,"estimable","asthma ~ ra + age + sex + race + education + pir + bmi + smoking"
"M3","educationLess_than_9th",3563,599,0.0444677968378724,0.352875096143671,1.0454713086863,0.492792213962405,2.21799416938358,0.90139306253854,15,"estimable","asthma ~ ra + age + sex + race + education + pir + bmi + smoking"
"M3","education9th_11th",3563,599,-0.118609351474692,0.395640204904312,0.888154689321415,0.382167422948162,2.06406591665616,0.76845091962013,15,"estimable","asthma ~ ra + age + sex + race + education + pir + bmi + smoking"
"M3","educationHigh_school",3563,599,-0.104669744593945,0.144877330624339,0.900621908731041,0.661352389723084,1.22645632659764,0.481117754072807,15,"estimable","asthma ~ ra + age + sex + race + education + pir + bmi + smoking"
"M3","educationSome_college",3563,599,-0.0338133532199751,0.112002557937937,0.966751928933794,0.76144209180877,1.22742005222891,0.766875155692073,15,"estimable","asthma ~ ra + age + sex + race + education + pir + bmi + smoking"
"M3","pir",3563,599,-0.00744536546484665,0.0353687221717978,0.992582282609382,0.920505767911619,1.07030245990229,0.836104798227458,15,"estimable","asthma ~ ra + age + sex + race + education + pir + bmi + smoking"
"M3","bmi",3563,599,0.0244826746311117,0.00664537732944235,1.02478483617808,1.01037180628073,1.03940346903221,0.0022096051016158,15,"estimable","asthma ~ ra + age + sex + race + education + pir + bmi + smoking"
"M3","smokingformer",3563,599,0.182091421432773,0.161538530007274,1.19972386934151,0.850254293903607,1.69283163047566,0.277354024425853,15,"estimable","asthma ~ ra + age + sex + race + education + pir + bmi + smoking"
"M3","smokingcurrent",3563,599,0.0222439136477423,0.208570957508907,1.02249315409188,0.655527804819658,1.5948862008262,0.916480619839807,15,"estimable","asthma ~ ra + age + sex + race + education + pir + bmi + smoking"
"agegroup_20_39","(Intercept)",1254,262,-0.677479394807611,0.54613127886172,0.507895584523159,0.158574516427666,1.62673001052971,0.233841714674865,15,"estimable","asthma ~ ra + age + sex + race + education + pir + bmi + smoking"
"agegroup_20_39","ra",1254,262,0.806008191647941,0.624027306916407,2.23895265467672,0.592103085647476,8.46627742938074,0.216036037647888,15,"estimable","asthma ~ ra + age + sex + race + education + pir + bmi + smoking"
"agegroup_20_39","age",1254,262,-0.0456451689832292,0.0206924042923448,0.955380900830632,0.914159710608978,0.998460832477412,0.0434047175885129,15,"estimable","asthma ~ ra + age + sex + race + education + pir + bmi + smoking"
"agegroup_20_39","sexFemale",1254,262,-0.0387893036498023,0.120847768322445,0.96195336785956,0.7435121106425,1.2445719023147,0.752656698878619,15,"estimable","asthma ~ ra + age + sex + race + education + pir + bmi + smoking"
"agegroup_20_39","raceMexican",1254,262,-0.62247274395053,0.334299341662254,0.536615882006738,0.263154248160757,1.09425026133707,0.0823072683916587,15,"estimable","asthma ~ ra + age + sex + race + education + pir + bmi + smoking"
"agegroup_20_39","raceOther_Hispanic",1254,262,-0.473927039824165,0.347929277375929,0.622552672463194,0.296555545751371,1.30691142197018,0.193260768441031,15,"estimable","asthma ~ ra + age + sex + race + education + pir + bmi + smoking"
"agegroup_20_39","raceNH_Black",1254,262,0.220586729880236,0.33007207748431,1.24680805556241,0.616963601406138,2.51964674070293,0.514096048381314,15,"estimable","asthma ~ ra + age + sex + race + education + pir + bmi + smoking"
"agegroup_20_39","raceOther_Multiracial",1254,262,-0.0834760196652968,0.243660699392476,0.919913146231882,0.547262606554063,1.54631466954913,0.736659518189163,15,"estimable","asthma ~ ra + age + sex + race + education + pir + bmi + smoking"
"agegroup_20_39","educationLess_than_9th",1254,262,-1.18997367534659,0.910726152974815,0.304229272691453,0.0436679646433428,2.11952746408758,0.211020902649173,15,"estimable","asthma ~ ra + age + sex + race + education + pir + bmi + smoking"
"agegroup_20_39","education9th_11th",1254,262,-0.194414819299779,0.518382827702278,0.823316305929161,0.272716724467212,2.48554517854785,0.712879744149587,15,"estimable","asthma ~ ra + age + sex + race + education + pir + bmi + smoking"
"agegroup_20_39","educationHigh_school",1254,262,0.0281130777663844,0.144033655329444,1.02851197968346,0.75662510088794,1.39809912612066,0.847868072433221,15,"estimable","asthma ~ ra + age + sex + race + education + pir + bmi + smoking"
"agegroup_20_39","educationSome_college",1254,262,-0.0373640242024042,0.189124228127817,0.963325397754867,0.643732009179861,1.44158719579888,0.846038976596664,15,"estimable","asthma ~ ra + age + sex + race + education + pir + bmi + smoking"
"agegroup_20_39","pir",1254,262,-0.0741333988582759,0.0506363317860615,0.928547818360223,0.833549504334313,1.03437293945739,0.163825571337286,15,"estimable","asthma ~ ra + age + sex + race + education + pir + bmi + smoking"
"agegroup_20_39","bmi",1254,262,0.0313162756454543,0.00696308022083279,1.03181178922537,1.01661127968932,1.04723957883865,0.000425433933065781,15,"estimable","asthma ~ ra + age + sex + race + education + pir + bmi + smoking"
"agegroup_20_39","smokingformer",1254,262,0.0743901042405317,0.196460943335688,1.07722695434287,0.708676251161696,1.6374443326704,0.710252764396629,15,"estimable","asthma ~ ra + age + sex + race + education + pir + bmi + smoking"
"agegroup_20_39","smokingcurrent",1254,262,0.0132683774900955,0.28079025888532,1.0133567930215,0.556982258075916,1.84367091603634,0.962934439506463,15,"estimable","asthma ~ ra + age + sex + race + education + pir + bmi + smoking"
"agegroup_40_59","(Intercept)",1146,191,-2.89007101861834,0.973149100824622,0.0555722658058008,0.00698291220877699,0.442262001075832,0.00954123608432109,15,"estimable","asthma ~ ra + age + sex + race + education + pir + bmi + smoking"
"agegroup_40_59","ra",1146,191,0.397459890850954,0.269229694357537,1.48804010874735,0.838291305616394,2.64140084765962,0.160551018879751,15,"estimable","asthma ~ ra + age + sex + race + education + pir + bmi + smoking"
"agegroup_40_59","age",1146,191,0.0110143269577369,0.0169823608180274,1.01107520797273,0.97513172134846,1.04834357635648,0.526418785137551,15,"estimable","asthma ~ ra + age + sex + race + education + pir + bmi + smoking"
"agegroup_40_59","sexFemale",1146,191,0.0964603387989199,0.227196188227794,1.10126590274922,0.67855016088601,1.7873204642299,0.677178155949712,15,"estimable","asthma ~ ra + age + sex + race + education + pir + bmi + smoking"
"agegroup_40_59","raceMexican",1146,191,-0.0221785892095036,0.389690996896246,0.978065547500048,0.426226114868856,2.24437729607653,0.95536549874571,15,"estimable","asthma ~ ra + age + sex + race + education + pir + bmi + smoking"
"agegroup_40_59","raceOther_Hispanic",1146,191,-0.116205771840902,0.304149731170932,0.890292007422477,0.465573370507697,1.7024596093544,0.707769767503035,15,"estimable","asthma ~ ra + age + sex + race + education + pir + bmi + smoking"
"agegroup_40_59","raceNH_Black",1146,191,0.073419575339756,0.343361763025388,1.07618198162113,0.51765892557772,2.23731804928009,0.833562306775009,15,"estimable","asthma ~ ra + age + sex + race + education + pir + bmi + smoking"
"agegroup_40_59","raceOther_Multiracial",1146,191,0.16456227593724,0.348431358941632,1.17887698293464,0.560962295179037,2.4774409132962,0.643514365499984,15,"estimable","asthma ~ ra + age + sex + race + education + pir + bmi + smoking"
"agegroup_40_59","educationLess_than_9th",1146,191,0.413191457763763,0.438815961483352,1.51163441237469,0.593259942800238,3.85166506588966,0.361313241360294,15,"estimable","asthma ~ ra + age + sex + race + education + pir + bmi + smoking"
"agegroup_40_59","education9th_11th",1146,191,-0.270873489366843,0.49405126544138,0.762712981603955,0.266090491465152,2.18621525746395,0.591573484620552,15,"estimable","asthma ~ ra + age + sex + race + education + pir + bmi + smoking"
"agegroup_40_59","educationHigh_school",1146,191,-0.527602211659596,0.285726711413397,0.590018013224412,0.320903674329359,1.08481542524187,0.0846399377520696,15,"estimable","asthma ~ ra + age + sex + race + education + pir + bmi + smoking"
"agegroup_40_59","educationSome_college",1146,191,-0.12234229447559,0.196123355707485,0.884845438954524,0.58253306461135,1.34404636990175,0.54212798396556,15,"estimable","asthma ~ ra + age + sex + race + education + pir + bmi + smoking"
"agegroup_40_59","pir",1146,191,0.0398673605394969,0.0560446489896763,1.04067273076802,0.923495842654533,1.17271749643306,0.487783044105556,15,"estimable","asthma ~ ra + age + sex + race + education + pir + bmi + smoking"
"agegroup_40_59","bmi",1146,191,0.0168884682673738,0.0135337104066042,1.01703188467118,0.988113259553748,1.04679685697664,0.231203933601568,15,"estimable","asthma ~ ra + age + sex + race + education + pir + bmi + smoking"
"agegroup_40_59","smokingformer",1146,191,0.331817417017351,0.252786963697575,1.3934983961904,0.813031648718252,2.38839137842485,0.209035460033531,15,"estimable","asthma ~ ra + age + sex + race + education + pir + bmi + smoking"
"agegroup_40_59","smokingcurrent",1146,191,0.174031868705935,0.252660937090911,1.19009349195556,0.694542328252508,2.03921699510885,0.50146727133827,15,"estimable","asthma ~ ra + age + sex + race + education + pir + bmi + smoking"
"agegroup_60_79","(Intercept)",1163,146,-3.16751209960936,1.48807208446095,0.0421082287726991,0.00176560359340204,1.00424746358693,0.0502698721921147,15,"estimable","asthma ~ ra + age + sex + race + education + pir + bmi + smoking"
"agegroup_60_79","ra",1163,146,0.97994721618911,0.25596488760594,2.66431560548672,1.54399154078621,4.59754957078676,0.00164477562980322,15,"estimable","asthma ~ ra + age + sex + race + education + pir + bmi + smoking"
"agegroup_60_79","age",1163,146,-0.00861879252405195,0.0166170016219369,0.991418242791957,0.956918461761964,1.02716184441762,0.61155557902946,15,"estimable","asthma ~ ra + age + sex + race + education + pir + bmi + smoking"
"agegroup_60_79","sexFemale",1163,146,0.424079119566477,0.261021016380935,1.52818249813779,0.87610090424921,2.66560819226181,0.125049913762569,15,"estimable","asthma ~ ra + age + sex + race + education + pir + bmi + smoking"
"agegroup_60_79","raceMexican",1163,146,0.677077075902227,0.307066823001149,1.96811666112926,1.02283648507743,3.78700139105947,0.0434799881479333,15,"estimable","asthma ~ ra + age + sex + race + education + pir + bmi + smoking"
"agegroup_60_79","raceOther_Hispanic",1163,146,0.331476890091869,0.362340501310539,1.39302395325076,0.643499771674384,3.0155655366919,0.37475753369409,15,"estimable","asthma ~ ra + age + sex + race + education + pir + bmi + smoking"
"agegroup_60_79","raceNH_Black",1163,146,-0.167166643529949,0.346302662141644,0.84605860939577,0.404423252236039,1.76996541760394,0.636264833161743,15,"estimable","asthma ~ ra + age + sex + race + education + pir + bmi + smoking"
"agegroup_60_79","raceOther_Multiracial",1163,146,0.19097121820645,0.330167558881045,1.21042461338861,0.598837935964582,2.44661811936982,0.571572246553384,15,"estimable","asthma ~ ra + age + sex + race + education + pir + bmi + smoking"
"agegroup_60_79","educationLess_than_9th",1163,146,0.101932263580712,0.539130731625125,1.10730846407718,0.35091975870152,3.49405242712445,0.852574104378568,15,"estimable","asthma ~ ra + age + sex + race + education + pir + bmi + smoking"
"agegroup_60_79","education9th_11th",1163,146,0.0425939755387884,0.341183076310743,1.04351411656731,0.504281549252726,2.15935267330104,0.902306373598781,15,"estimable","asthma ~ ra + age + sex + race + education + pir + bmi + smoking"
"agegroup_60_79","educationHigh_school",1163,146,-0.171536295772894,0.325512823641981,0.842369693006085,0.420904018522847,1.68586344740885,0.605919126329429,15,"estimable","asthma ~ ra + age + sex + race + education + pir + bmi + smoking"
"agegroup_60_79","educationSome_college",1163,146,-0.229975277274637,0.289828465353387,0.794553245782197,0.428386253878197,1.47370475748861,0.439866054696901,15,"estimable","asthma ~ ra + age + sex + race + education + pir + bmi + smoking"
"agegroup_60_79","pir",1163,146,0.157950466664916,0.0688139095987376,1.17110818437684,1.01134091640409,1.35611479499009,0.0365528166133922,15,"estimable","asthma ~ ra + age + sex + race + education + pir + bmi + smoking"
"agegroup_60_79","bmi",1163,146,0.0253255913642933,0.01501493170399,1.02564900862594,0.993344270150497,1.059004335663,0.112342550310682,15,"estimable","asthma ~ ra + age + sex + race + education + pir + bmi + smoking"
"agegroup_60_79","smokingformer",1163,146,0.244866787359586,0.312761984722438,1.27745112923189,0.655885136055727,2.48805971940363,0.445861066301695,15,"estimable","asthma ~ ra + age + sex + race + education + pir + bmi + smoking"
"agegroup_60_79","smokingcurrent",1163,146,0.114708015659876,0.290960444666529,1.12154591591449,0.603228333203401,2.08522241457836,0.698952619339151,15,"estimable","asthma ~ ra + age + sex + race + education + pir + bmi + smoking"
"sex_Male","(Intercept)",1665,260,-1.2914557500196,0.33762357192987,0.274870349178427,0.133843595435546,0.564492522870501,0.00165593369034525,15,"estimable","asthma ~ ra + age + race + education + pir + bmi + smoking"
"sex_Male","ra",1665,260,0.836712174380124,0.236460169637552,2.30876367210892,1.39474172290813,3.82177546286898,0.00297874038255985,15,"estimable","asthma ~ ra + age + race + education + pir + bmi + smoking"
"sex_Male","age",1665,260,-0.0245499479027185,0.00541054471040673,0.975748951087555,0.964560954149142,0.987066718233807,0.000392899147297236,15,"estimable","asthma ~ ra + age + race + education + pir + bmi + smoking"
"sex_Male","raceMexican",1665,260,-0.556249899516475,0.377030794015458,0.573355176789827,0.256693628020705,1.2806557034021,0.160800900972648,15,"estimable","asthma ~ ra + age + race + education + pir + bmi + smoking"
"sex_Male","raceOther_Hispanic",1665,260,-0.576008867616182,0.421422439768357,0.56213746035548,0.228950481832626,1.38020467048381,0.191819100401795,15,"estimable","asthma ~ ra + age + race + education + pir + bmi + smoking"
"sex_Male","raceNH_Black",1665,260,0.0721105390109868,0.279584818224923,1.07477414196848,0.592259500478857,1.95039413518925,0.799973656859777,15,"estimable","asthma ~ ra + age + race + education + pir + bmi + smoking"
"sex_Male","raceOther_Multiracial",1665,260,0.166642319638885,0.261648198317858,1.18133165060099,0.676347951802039,2.06335284226621,0.533793678283727,15,"estimable","asthma ~ ra + age + race + education + pir + bmi + smoking"
"sex_Male","educationLess_than_9th",1665,260,-0.164598541214058,0.499822956906191,0.848234166801268,0.292308374892871,2.46144573173018,0.74647197850923,15,"estimable","asthma ~ ra + age + race + education + pir + bmi + smoking"
"sex_Male","education9th_11th",1665,260,0.124846450590769,0.449105754897202,1.13297447214896,0.435004106985019,2.95084835735913,0.784815974726275,15,"estimable","asthma ~ ra + age + race + education + pir + bmi + smoking"
"sex_Male","educationHigh_school",1665,260,-0.110159878820192,0.181940973744356,0.895690921840594,0.607770530846524,1.32000843533864,0.553917696184234,15,"estimable","asthma ~ ra + age + race + education + pir + bmi + smoking"
"sex_Male","educationSome_college",1665,260,-0.00638663226585381,0.217393673761869,0.993633718921763,0.625158363705222,1.579292583605,0.976950286516737,15,"estimable","asthma ~ ra + age + race + education + pir + bmi + smoking"
"sex_Male","pir",1665,260,-0.083078594318748,0.0646973689285194,0.920278815691161,0.801734501110479,1.05635107063108,0.218583506028208,15,"estimable","asthma ~ ra + age + race + education + pir + bmi + smoking"
"sex_Male","bmi",1665,260,0.03285676658479,0.0105369081108093,1.03340251086934,1.01045212437058,1.05687416921041,0.00704933938929621,15,"estimable","asthma ~ ra + age + race + education + pir + bmi + smoking"
"sex_Male","smokingformer",1665,260,0.0769666488178398,0.195584238120257,1.08000605631323,0.711833469098818,1.63860387619865,0.699471136663559,15,"estimable","asthma ~ ra + age + race + education + pir + bmi + smoking"
"sex_Male","smokingcurrent",1665,260,-0.00495090996295016,0.203960762407336,0.995061325591077,0.644240623100697,1.53692115365458,0.980954162908384,15,"estimable","asthma ~ ra + age + race + education + pir + bmi + smoking"
"sex_Female","(Intercept)",1898,339,-1.62521501916415,0.463296011866036,0.196869339971987,0.0733357481064528,0.528494465819671,0.00317143130500848,15,"estimable","asthma ~ ra + age + race + education + pir + bmi + smoking"
"sex_Female","ra",1898,339,0.553994882630394,0.2085823605542,1.74019100924618,1.11562200904629,2.71441825645768,0.0179744944568095,15,"estimable","asthma ~ ra + age + race + education + pir + bmi + smoking"
"sex_Female","age",1898,339,-0.0166058510962,0.00472506483724781,0.983531266017857,0.973675601916402,0.993486690362549,0.0031295629871134,15,"estimable","asthma ~ ra + age + race + education + pir + bmi + smoking"
"sex_Female","raceMexican",1898,339,0.133007292889448,0.254698100085715,1.14225832866423,0.663737289065482,1.96576885297472,0.609146677340509,15,"estimable","asthma ~ ra + age + race + education + pir + bmi + smoking"
"sex_Female","raceOther_Hispanic",1898,339,-0.00585701158014415,0.266391775942648,0.994160107274099,0.563460727756164,1.75407844807767,0.982748569928136,15,"estimable","asthma ~ ra + age + race + education + pir + bmi + smoking"
"sex_Female","raceNH_Black",1898,339,0.227566476244706,0.140148685515029,1.25554090062416,0.931319039363461,1.69263473258054,0.125252381538,15,"estimable","asthma ~ ra + age + race + education + pir + bmi + smoking"
"sex_Female","raceOther_Multiracial",1898,339,-0.126046394770806,0.266185825380859,0.881573945413472,0.499869581635235,1.55475077857207,0.642654752089004,15,"estimable","asthma ~ ra + age + race + education + pir + bmi + smoking"
"sex_Female","educationLess_than_9th",1898,339,0.202561201255442,0.375060691488057,1.22453502590957,0.550536655517047,2.72368063897778,0.597072592358163,15,"estimable","asthma ~ ra + age + race + education + pir + bmi + smoking"
"sex_Female","education9th_11th",1898,339,-0.379315468492082,0.438394312570227,0.684329694153624,0.268815279977095,1.74211499562188,0.400534896368284,15,"estimable","asthma ~ ra + age + race + education + pir + bmi + smoking"
"sex_Female","educationHigh_school",1898,339,-0.11424787272156,0.304623260665823,0.892036816882846,0.466015220564333,1.70751865510073,0.712875781995847,15,"estimable","asthma ~ ra + age + race + education + pir + bmi + smoking"
"sex_Female","educationSome_college",1898,339,-0.041358667854805,0.239934672622784,0.959484931822873,0.575355414605204,1.60007416463934,0.865447181859725,15,"estimable","asthma ~ ra + age + race + education + pir + bmi + smoking"
"sex_Female","pir",1898,339,0.0600507185762961,0.0565180189402846,1.061890402749,0.941374170979139,1.19783531587402,0.304813620108309,15,"estimable","asthma ~ ra + age + race + education + pir + bmi + smoking"
"sex_Female","bmi",1898,339,0.0184489178769834,0.00921665676830201,1.01862015056073,0.998804793825141,1.0388286255162,0.0637448085737704,15,"estimable","asthma ~ ra + age + race + education + pir + bmi + smoking"
"sex_Female","smokingformer",1898,339,0.295015245163624,0.176683659366317,1.34314683502346,0.921661683590927,1.95738138250984,0.115701682251821,15,"estimable","asthma ~ ra + age + race + education + pir + bmi + smoking"
"sex_Female","smokingcurrent",1898,339,-0.0117353564157149,0.289932941772432,0.988333234305013,0.532744786855806,1.83352818484959,0.968247391872557,15,"estimable","asthma ~ ra + age + race + education + pir + bmi + smoking"
"interaction_agegroup","(Intercept)",3563,599,-1.43761744092159,0.499932039259042,0.237492926069491,0.0818229625651799,0.689328376348124,0.0115514574958326,15,"estimable","asthma ~ ra + age + sex + race + education + pir + bmi + smoking +      agegroup + ra:agegroup"
"interaction_agegroup","ra",3563,599,0.763345603741865,0.620796099728779,2.14544202570968,0.571294773966544,8.05699911049914,0.237776902700541,15,"estimable","asthma ~ ra + age + sex + race + education + pir + bmi + smoking +      agegroup + ra:agegroup"
"interaction_agegroup","age",3563,599,-0.0224108863247383,0.013797363952675,0.977838372081972,0.949500453175765,1.0070220385023,0.125137013676098,15,"estimable","asthma ~ ra + age + sex + race + education + pir + bmi + smoking +      agegroup + ra:agegroup"
"interaction_agegroup","sexFemale",3563,599,0.0712840219472164,0.128475228955765,1.0738861898048,0.816642018148253,1.4121628853588,0.587178698600511,15,"estimable","asthma ~ ra + age + sex + race + education + pir + bmi + smoking +      agegroup + ra:agegroup"
"interaction_agegroup","raceMexican",3563,599,-0.225257640356521,0.220824868669636,0.798310515255988,0.498608177885861,1.27815729270724,0.323864892280783,15,"estimable","asthma ~ ra + age + sex + race + education + pir + bmi + smoking +      agegroup + ra:agegroup"
"interaction_agegroup","raceOther_Hispanic",3563,599,-0.2727568649763,0.2279880212867,0.761277858439579,0.468273932081008,1.23761742443116,0.250122757868573,15,"estimable","asthma ~ ra + age + sex + race + education + pir + bmi + smoking +      agegroup + ra:agegroup"
"interaction_agegroup","raceNH_Black",3563,599,0.129280457821401,0.168167568026342,1.13800924300698,0.795201109315536,1.6286006420238,0.453970684203023,15,"estimable","asthma ~ ra + age + sex + race + education + pir + bmi + smoking +      agegroup + ra:agegroup"
"interaction_agegroup","raceOther_Multiracial",3563,599,0.026228219350001,0.177479168857257,1.02657520606762,0.703238155369034,1.49857718280339,0.884483042676895,15,"estimable","asthma ~ ra + age + sex + race + education + pir + bmi + smoking +      agegroup + ra:agegroup"
"interaction_agegroup","educationLess_than_9th",3563,599,0.0383879308162471,0.356920944467005,1.03913426690313,0.485599507197895,2.22364316406167,0.915775653599215,15,"estimable","asthma ~ ra + age + sex + race + education + pir + bmi + smoking +      agegroup + ra:agegroup"
"interaction_agegroup","education9th_11th",3563,599,-0.119495711373559,0.384366408068118,0.887367813399958,0.391115128056953,2.01327327881718,0.760162593211788,15,"estimable","asthma ~ ra + age + sex + race + education + pir + bmi + smoking +      agegroup + ra:agegroup"
"interaction_agegroup","educationHigh_school",3563,599,-0.105998024852598,0.140622627313001,0.899426424573936,0.6664913884951,1.21377096116494,0.462652463479612,15,"estimable","asthma ~ ra + age + sex + race + education + pir + bmi + smoking +      agegroup + ra:agegroup"
"interaction_agegroup","educationSome_college",3563,599,-0.033184373552017,0.11440425545406,0.967360187512139,0.758030791714886,1.23449567301416,0.775739859765909,15,"estimable","asthma ~ ra + age + sex + race + education + pir + bmi + smoking +      agegroup + ra:agegroup"
"interaction_agegroup","pir",3563,599,-0.00909104974641028,0.0367172201252643,0.99095014890548,0.916354526158552,1.07161821062025,0.807803906759427,15,"estimable","asthma ~ ra + age + sex + race + education + pir + bmi + smoking +      agegroup + ra:agegroup"
"interaction_agegroup","bmi",3563,599,0.0243868362075051,0.00681311236868116,1.02468662712102,1.0099138507675,1.03967549608582,0.0027389822220031,15,"estimable","asthma ~ ra + age + sex + race + education + pir + bmi + smoking +      agegroup + ra:agegroup"
"interaction_agegroup","smokingformer",3563,599,0.182860072105851,0.162609499219347,1.20064639240476,0.848967926711864,1.69800497078592,0.278460010334542,15,"estimable","asthma ~ ra + age + sex + race + education + pir + bmi + smoking +      agegroup + ra:agegroup"
"interaction_agegroup","smokingcurrent",3563,599,0.0166538578514092,0.212057397662415,1.01679330638523,0.647047361132129,1.59782527526404,0.938440844664676,15,"estimable","asthma ~ ra + age + sex + race + education + pir + bmi + smoking +      agegroup + ra:agegroup"
"interaction_agegroup","agegroup40-59",3563,599,0.115398200275795,0.229469465066523,1.12232025684006,0.688180316976014,1.83033825269583,0.622343819866922,15,"estimable","asthma ~ ra + age + sex + race + education + pir + bmi + smoking +      agegroup + ra:agegroup"
"interaction_agegroup","agegroup60-79",3563,599,0.0378584806449252,0.507479980782647,1.03858424270555,0.352110760004574,3.06340320069243,0.941518035592876,15,"estimable","asthma ~ ra + age + sex + race + education + pir + bmi + smoking +      agegroup + ra:agegroup"
"interaction_agegroup","ra:agegroup40-59",3563,599,-0.358130396495691,0.755009656363469,0.698981924270311,0.139820561022367,3.49430532165058,0.642089697181131,15,"estimable","asthma ~ ra + age + sex + race + education + pir + bmi + smoking +      agegroup + ra:agegroup"
"interaction_agegroup","ra:agegroup60-79",3563,599,0.16630924140109,0.621338229794647,1.18093824025841,0.314100636462703,4.44002642914169,0.792604216064236,15,"estimable","asthma ~ ra + age + sex + race + education + pir + bmi + smoking +      agegroup + ra:agegroup"
"interaction_sex","(Intercept)",3563,599,-1.51173621104523,0.306614393521339,0.22052676438173,0.114719034216819,0.423923145279979,0.000181282387900279,15,"estimable","asthma ~ ra + age + sex + race + education + pir + bmi + smoking +      ra:sex"
"interaction_sex","ra",3563,599,0.807086673883541,0.227445850220106,2.24136862789906,1.38029510400873,3.63960816171841,0.00291832729361514,15,"estimable","asthma ~ ra + age + sex + race + education + pir + bmi + smoking +      ra:sex"
"interaction_sex","age",3563,599,-0.0199582514841956,0.00440641715291777,0.980239596000784,0.971076229762905,0.989489430507823,0.000399255606185992,15,"estimable","asthma ~ ra + age + sex + race + education + pir + bmi + smoking +      ra:sex"
"interaction_sex","sexFemale",3563,599,0.088454379913755,0.134110029597288,1.09248441224052,0.820866834587341,1.4539778447603,0.519531518087084,15,"estimable","asthma ~ ra + age + sex + race + education + pir + bmi + smoking +      ra:sex"
"interaction_sex","raceMexican",3563,599,-0.2154390171949,0.223129046203175,0.806187432330141,0.501061053862118,1.29712371583747,0.349586556418024,15,"estimable","asthma ~ ra + age + sex + race + education + pir + bmi + smoking +      ra:sex"
"interaction_sex","raceOther_Hispanic",3563,599,-0.265938904100786,0.228199310752871,0.766485955219183,0.471265230536162,1.24664558613811,0.262063186371909,15,"estimable","asthma ~ ra + age + sex + race + education + pir + bmi + smoking +      ra:sex"
"interaction_sex","raceNH_Black",3563,599,0.140011563401984,0.164391659802381,1.15028710001246,0.810275500413335,1.63297595913996,0.407775682990849,15,"estimable","asthma ~ ra + age + sex + race + education + pir + bmi + smoking +      ra:sex"
"interaction_sex","raceOther_Multiracial",3563,599,0.02758759270456,0.181284309425943,1.0279716539812,0.698506519862004,1.51283587388364,0.881074084734054,15,"estimable","asthma ~ ra + age + sex + race + education + pir + bmi + smoking +      ra:sex"
"interaction_sex","educationLess_than_9th",3563,599,0.0389662708814979,0.351785190103967,1.03973541369974,0.491228386997548,2.20070696058282,0.913269427793761,15,"estimable","asthma ~ ra + age + sex + race + education + pir + bmi + smoking +      ra:sex"
"interaction_sex","education9th_11th",3563,599,-0.124640302498921,0.396623736042638,0.882814391611747,0.379074021930867,2.05596059067048,0.757657072339077,15,"estimable","asthma ~ ra + age + sex + race + education + pir + bmi + smoking +      ra:sex"
"interaction_sex","educationHigh_school",3563,599,-0.107770352883731,0.145001205864719,0.897833757690702,0.659130914949563,1.22298232136584,0.468819733997448,15,"estimable","asthma ~ ra + age + sex + race + education + pir + bmi + smoking +      ra:sex"
"interaction_sex","educationSome_college",3563,599,-0.0372234353871584,0.111016351354583,0.963460840051846,0.760446751845272,1.22067296370316,0.742044513135294,15,"estimable","asthma ~ ra + age + sex + race + education + pir + bmi + smoking +      ra:sex"
"interaction_sex","pir",3563,599,-0.00796396765025525,0.0351958830020041,0.992067660721974,0.920367514448275,1.0693535223702,0.824041581458824,15,"estimable","asthma ~ ra + age + sex + race + education + pir + bmi + smoking +      ra:sex"
"interaction_sex","bmi",3563,599,0.0245525830900375,0.00664755814841749,1.02485647981092,1.01043774545129,1.03948096648085,0.00216787367102662,15,"estimable","asthma ~ ra + age + sex + race + education + pir + bmi + smoking +      ra:sex"
"interaction_sex","smokingformer",3563,599,0.180191611838966,0.161963591346762,1.19744678612178,0.847871988676874,1.69115010843911,0.283417102152909,15,"estimable","asthma ~ ra + age + sex + race + education + pir + bmi + smoking +      ra:sex"
"interaction_sex","smokingcurrent",3563,599,0.024211878625725,0.208414086949721,1.02450736610865,0.657038782675975,1.59749374144403,0.90905729683583,15,"estimable","asthma ~ ra + age + sex + race + education + pir + bmi + smoking +      ra:sex"
"interaction_sex","ra:sexFemale",3563,599,-0.227215518878869,0.296525027788322,0.796749049323106,0.423482260077108,1.49902158234842,0.455411554168916,15,"estimable","asthma ~ ra + age + sex + race + education + pir + bmi + smoking +      ra:sex"
