"model","term","GVIF","Df","adjusted"
"M1","ra",6.22917238278057,1,2.49583100044466
"M1","age",1.82961799102798,1,1.35263372389867
"M1","sex",2.47679710004632,1,1.5737843245014
"M1","race",16.9509353723865,4,1.42445655641618
"M2","ra",18.1463353253217,1,4.25985156141874
"M2","age",8.03415046665551,1,2.83445770239309
"M2","sex",6.33405160381761,1,2.51675418025234
"M2","race",635.904121488915,4,2.24090762817781
"M2","education",130.05966017428,4,1.83767127510033
"M2","pir",6.89933883405243,1,2.62665925351052
"M3","ra",188.051466862091,1,13.7131858757216
"M3","age",183.611138907435,1,13.5503187751224
"M3","sex",113.659586626537,1,10.6611250169266
"M3","race",54248.1942194785,4,3.90659293915012
"M3","education",5843.4577631879,4,2.95688026476568
"M3","pir",19.00426194557,1,4.35938779481363
"M3","bmi",6.37148077345335,1,2.52417922768042
"M3","smoking",284.261576749913,2,4.10610017198494
"agegroup_20_39","ra",15.0718857000504,1,3.8822526579359
"agegroup_20_39","age",28.3184040802517,1,5.32150393030502
"agegroup_20_39","sex",11.180882285546,1,3.34378263132429
"agegroup_20_39","race",503.023203615441,4,2.17619847862068
"agegroup_20_39","education",482.832539400032,4,2.16508308146176
"agegroup_20_39","pir",11.8328642612152,1,3.43989305956089
"agegroup_20_39","bmi",4.77062489117469,1,2.18417602110606
"agegroup_20_39","smoking",128.552452631267,2,3.36720914097873
"agegroup_40_59","ra",21.681387096804,1,4.65632764062024
"agegroup_40_59","age",32.067790817517,1,5.66284299778097
"agegroup_40_59","sex",851.390031697516,1,29.1785885830264
"agegroup_40_59","race",156900.567272572,4,4.46121408018986
"agegroup_40_59","education",74655.8342335226,4,4.06567790056174
"agegroup_40_59","pir",175.220409229598,1,13.2370846197189
"agegroup_40_59","bmi",35.2271314410228,1,5.93524485097479
"agegroup_40_59","smoking",3094.55055938711,2,7.45846396260251
"agegroup_60_79","ra",22.6228195157537,1,4.75634518467212
"agegroup_60_79","age",7.15228271868444,1,2.67437520155352
"agegroup_60_79","sex",6.31279543166333,1,2.51252769769078
"agegroup_60_79","race",1885.46286107566,4,2.56700815160807
"agegroup_60_79","education",1897.20710320995,4,2.56900141071007
"agegroup_60_79","pir",10.1282428661788,1,3.18249004180355
"agegroup_60_79","bmi",9.20714138481659,1,3.03432717168347
"agegroup_60_79","smoking",57.1424080046117,2,2.74941080095784
"sex_Male","ra",43.7986439529665,1,6.61805439332184
"sex_Male","age",64.0933611950045,1,8.00583294823246
"sex_Male","race",2888.81274071795,4,2.70763378128404
"sex_Male","education",20320.9323900791,4,3.45535723446763
"sex_Male","pir",101.780329730348,1,10.0886237778177
"sex_Male","bmi",28.812257425659,1,5.36770504272161
"sex_Male","smoking",434.130015837218,2,4.56462341297504
"sex_Female","ra",8.30769716221219,1,2.88230761061553
"sex_Female","age",4.47495537903694,1,2.11540903350556
"sex_Female","race",960.079220931128,4,2.35932833651219
"sex_Female","education",1492.30776840652,4,2.49305752734069
"sex_Female","pir",63.8959000599948,1,7.99349110589327
"sex_Female","bmi",9.80895601026564,1,3.13192528810405
"sex_Female","smoking",48.9182860507144,2,2.64464758596204
