"group","variable","q25","median","q75","method"
"All","age",31,42,57,"survey weighted quantile qrule math"
"All","bmi",24.3,27.9,33,"survey weighted quantile qrule math"
"All","pir",1.55,3.02,5,"survey weighted quantile qrule math"
"No_arthritis","age",30,41,55,"survey weighted quantile qrule math"
"No_arthritis","bmi",24.2,27.8,32.8,"survey weighted quantile qrule math"
"No_arthritis","pir",1.59,3.08,5,"survey weighted quantile qrule math"
"RA","age",50,59,68,"survey weighted quantile qrule math"
"RA","bmi",26.6,30.2,36.3,"survey weighted quantile qrule math"
"RA","pir",1.26,2.18,3.97,"survey weighted quantile qrule math"
