analysis,cycle,ra,outcome,variable,n,missing_n,missing_pct,weighted_missing_pct
primary,all,0,0,age,39847,0,0.0,0.0
primary,all,0,0,sex,39847,0,0.0,0.0
primary,all,0,0,race,39847,0,0.0,0.0
primary,all,0,0,education,39847,59,0.1480663538032976,0.11153545513341191
primary,all,0,0,pir,39847,3527,8.851356438376792,7.274947469210217
primary,all,0,0,smoke,39847,36,0.0903455718121816,0.06196910704005366
primary,all,0,1,age,3135,0,0.0,0.0
primary,all,0,1,sex,3135,0,0.0,0.0
primary,all,0,1,race,3135,0,0.0,0.0
primary,all,0,1,education,3135,5,0.1594896331738437,0.06453280297226217
primary,all,0,1,pir,3135,254,8.102073365231261,6.904980658798901
primary,all,0,1,smoke,3135,2,0.06379585326953748,0.044591871368222916
primary,all,1,0,age,2198,0,0.0,0.0
primary,all,1,0,sex,2198,0,0.0,0.0
primary,all,1,0,race,2198,0,0.0,0.0
primary,all,1,0,education,2198,4,0.18198362147406735,0.08702990005070686
primary,all,1,0,pir,2198,193,8.780709736123748,7.732017387682443
primary,all,1,0,smoke,2198,3,0.13648771610555052,0.07200210029376676
primary,all,1,1,age,378,0,0.0,0.0
primary,all,1,1,sex,378,0,0.0,0.0
primary,all,1,1,race,378,0,0.0,0.0
primary,all,1,1,education,378,2,0.5291005291005291,0.2397266363753591
primary,all,1,1,pir,378,36,9.523809523809524,6.914771821964035
primary,all,1,1,smoke,378,1,0.26455026455026454,0.19810345481914707
primary,2001,0,0,age,4328,0,0.0,0.0
primary,2001,0,0,sex,4328,0,0.0,0.0
primary,2001,0,0,race,4328,0,0.0,0.0
primary,2001,0,0,education,4328,12,0.27726432532347506,0.2774162828193828
primary,2001,0,0,pir,4328,336,7.763401109057301,6.742308517769599
primary,2001,0,0,smoke,4328,8,0.18484288354898337,0.15477265677943783
primary,2001,0,1,age,270,0,0.0,0.0
primary,2001,0,1,sex,270,0,0.0,0.0
primary,2001,0,1,race,270,0,0.0,0.0
primary,2001,0,1,education,270,0,0.0,0.0
primary,2001,0,1,pir,270,18,6.666666666666667,8.049613905700133
primary,2001,0,1,smoke,270,0,0.0,0.0
primary,2001,1,0,age,256,0,0.0,0.0
primary,2001,1,0,sex,256,0,0.0,0.0
primary,2001,1,0,race,256,0,0.0,0.0
primary,2001,1,0,education,256,2,0.78125,0.5240776750240627
primary,2001,1,0,pir,256,25,9.765625,9.009255028181858
primary,2001,1,0,smoke,256,2,0.78125,0.5240776750240627
primary,2001,1,1,age,26,0,0.0,0.0
primary,2001,1,1,sex,26,0,0.0,0.0
primary,2001,1,1,race,26,0,0.0,0.0
primary,2001,1,1,education,26,0,0.0,0.0
primary,2001,1,1,pir,26,1,3.8461538461538463,2.0926878129347766
primary,2001,1,1,smoke,26,0,0.0,0.0
primary,2003,0,0,age,3974,0,0.0,0.0
primary,2003,0,0,sex,3974,0,0.0,0.0
primary,2003,0,0,race,3974,0,0.0,0.0
primary,2003,0,0,education,3974,9,0.22647206844489182,0.09634656073651374
primary,2003,0,0,pir,3974,234,5.888273779567187,5.638542089365656
primary,2003,0,0,smoke,3974,5,0.12581781580271767,0.04733977757497545
primary,2003,0,1,age,288,0,0.0,0.0
primary,2003,0,1,sex,288,0,0.0,0.0
primary,2003,0,1,race,288,0,0.0,0.0
primary,2003,0,1,education,288,0,0.0,0.0
primary,2003,0,1,pir,288,15,5.208333333333334,4.532986265533514
primary,2003,0,1,smoke,288,0,0.0,0.0
primary,2003,1,0,age,231,0,0.0,0.0
primary,2003,1,0,sex,231,0,0.0,0.0
primary,2003,1,0,race,231,0,0.0,0.0
primary,2003,1,0,education,231,1,0.4329004329004329,0.14425129162509784
primary,2003,1,0,pir,231,12,5.194805194805195,6.552040087387424
primary,2003,1,0,smoke,231,0,0.0,0.0
primary,2003,1,1,age,39,0,0.0,0.0
primary,2003,1,1,sex,39,0,0.0,0.0
primary,2003,1,1,race,39,0,0.0,0.0
primary,2003,1,1,education,39,0,0.0,0.0
primary,2003,1,1,pir,39,2,5.128205128205128,2.60604634803285
primary,2003,1,1,smoke,39,0,0.0,0.0
primary,2005,0,0,age,3943,0,0.0,0.0
primary,2005,0,0,sex,3943,0,0.0,0.0
primary,2005,0,0,race,3943,0,0.0,0.0
primary,2005,0,0,education,3943,6,0.1521683996956632,0.14257183707265295
primary,2005,0,0,pir,3943,192,4.8693887902612225,3.6866646234011475
primary,2005,0,0,smoke,3943,4,0.10144559979710879,0.09437144228303716
primary,2005,0,1,age,310,0,0.0,0.0
primary,2005,0,1,sex,310,0,0.0,0.0
primary,2005,0,1,race,310,0,0.0,0.0
primary,2005,0,1,education,310,0,0.0,0.0
primary,2005,0,1,pir,310,13,4.193548387096775,4.3649537627439265
primary,2005,0,1,smoke,310,0,0.0,0.0
primary,2005,1,0,age,200,0,0.0,0.0
primary,2005,1,0,sex,200,0,0.0,0.0
primary,2005,1,0,race,200,0,0.0,0.0
primary,2005,1,0,education,200,0,0.0,0.0
primary,2005,1,0,pir,200,10,5.0,4.82479263517077
primary,2005,1,0,smoke,200,0,0.0,0.0
primary,2005,1,1,age,37,0,0.0,0.0
primary,2005,1,1,sex,37,0,0.0,0.0
primary,2005,1,1,race,37,0,0.0,0.0
primary,2005,1,1,education,37,0,0.0,0.0
primary,2005,1,1,pir,37,2,5.405405405405405,4.50374487201621
primary,2005,1,1,smoke,37,0,0.0,0.0
primary,2007,0,0,age,4572,0,0.0,0.0
primary,2007,0,0,sex,4572,0,0.0,0.0
primary,2007,0,0,race,4572,0,0.0,0.0
primary,2007,0,0,education,4572,4,0.08748906386701663,0.06964613619673916
primary,2007,0,0,pir,4572,413,9.033245844269466,7.396008119465819
primary,2007,0,0,smoke,4572,4,0.08748906386701663,0.04442113020550583
primary,2007,0,1,age,327,0,0.0,0.0
primary,2007,0,1,sex,327,0,0.0,0.0
primary,2007,0,1,race,327,0,0.0,0.0
primary,2007,0,1,education,327,0,0.0,0.0
primary,2007,0,1,pir,327,35,10.703363914373089,11.048647880869776
primary,2007,0,1,smoke,327,1,0.3058103975535168,0.36264676591961015
primary,2007,1,0,age,295,0,0.0,0.0
primary,2007,1,0,sex,295,0,0.0,0.0
primary,2007,1,0,race,295,0,0.0,0.0
primary,2007,1,0,education,295,0,0.0,0.0
primary,2007,1,0,pir,295,24,8.135593220338983,6.447025815482113
primary,2007,1,0,smoke,295,0,0.0,0.0
primary,2007,1,1,age,49,0,0.0,0.0
primary,2007,1,1,sex,49,0,0.0,0.0
primary,2007,1,1,race,49,0,0.0,0.0
primary,2007,1,1,education,49,0,0.0,0.0
primary,2007,1,1,pir,49,3,6.122448979591836,2.0403858216891284
primary,2007,1,1,smoke,49,0,0.0,0.0
primary,2009,0,0,age,4894,0,0.0,0.0
primary,2009,0,0,sex,4894,0,0.0,0.0
primary,2009,0,0,race,4894,0,0.0,0.0
primary,2009,0,0,education,4894,13,0.2656313853698406,0.22400598834349691
primary,2009,0,0,pir,4894,498,10.175725378013894,8.303521147599762
primary,2009,0,0,smoke,4894,0,0.0,0.0
primary,2009,0,1,age,363,0,0.0,0.0
primary,2009,0,1,sex,363,0,0.0,0.0
primary,2009,0,1,race,363,0,0.0,0.0
primary,2009,0,1,education,363,1,0.27548209366391185,0.16037275885912597
primary,2009,0,1,pir,363,25,6.887052341597796,4.297680837766232
primary,2009,0,1,smoke,363,0,0.0,0.0
primary,2009,1,0,age,268,0,0.0,0.0
primary,2009,1,0,sex,268,0,0.0,0.0
primary,2009,1,0,race,268,0,0.0,0.0
primary,2009,1,0,education,268,0,0.0,0.0
primary,2009,1,0,pir,268,18,6.7164179104477615,6.8205346980965285
primary,2009,1,0,smoke,268,0,0.0,0.0
primary,2009,1,1,age,46,0,0.0,0.0
primary,2009,1,1,sex,46,0,0.0,0.0
primary,2009,1,1,race,46,0,0.0,0.0
primary,2009,1,1,education,46,0,0.0,0.0
primary,2009,1,1,pir,46,5,10.869565217391305,9.31421025088178
primary,2009,1,1,smoke,46,0,0.0,0.0
primary,2011,0,0,age,4494,0,0.0,0.0
primary,2011,0,0,sex,4494,0,0.0,0.0
primary,2011,0,0,race,4494,0,0.0,0.0
primary,2011,0,0,education,4494,1,0.022251891410769914,0.0073236919251240635
primary,2011,0,0,pir,4494,385,8.566978193146417,6.2531130706139
primary,2011,0,0,smoke,4494,7,0.1557632398753894,0.10407815914810335
primary,2011,0,1,age,376,0,0.0,0.0
primary,2011,0,1,sex,376,0,0.0,0.0
primary,2011,0,1,race,376,0,0.0,0.0
primary,2011,0,1,education,376,0,0.0,0.0
primary,2011,0,1,pir,376,36,9.574468085106384,7.096516981407916
primary,2011,0,1,smoke,376,0,0.0,0.0
primary,2011,1,0,age,210,0,0.0,0.0
primary,2011,1,0,sex,210,0,0.0,0.0
primary,2011,1,0,race,210,0,0.0,0.0
primary,2011,1,0,education,210,1,0.4761904761904762,0.1342878601548215
primary,2011,1,0,pir,210,23,10.952380952380953,7.8185087944378955
primary,2011,1,0,smoke,210,0,0.0,0.0
primary,2011,1,1,age,38,0,0.0,0.0
primary,2011,1,1,sex,38,0,0.0,0.0
primary,2011,1,1,race,38,0,0.0,0.0
primary,2011,1,1,education,38,1,2.631578947368421,0.994586202794385
primary,2011,1,1,pir,38,4,10.526315789473683,3.503406974090717
primary,2011,1,1,smoke,38,0,0.0,0.0
primary,2013,0,0,age,4670,0,0.0,0.0
primary,2013,0,0,sex,4670,0,0.0,0.0
primary,2013,0,0,race,4670,0,0.0,0.0
primary,2013,0,0,education,4670,4,0.08565310492505353,0.07429936858254707
primary,2013,0,0,pir,4670,376,8.051391862955033,6.825497123748315
primary,2013,0,0,smoke,4670,1,0.021413276231263382,0.016314193889318443
primary,2013,0,1,age,414,0,0.0,0.0
primary,2013,0,1,sex,414,0,0.0,0.0
primary,2013,0,1,race,414,0,0.0,0.0
primary,2013,0,1,education,414,2,0.4830917874396135,0.24557325983200937
primary,2013,0,1,pir,414,30,7.246376811594203,6.421904492242224
primary,2013,0,1,smoke,414,0,0.0,0.0
primary,2013,1,0,age,213,0,0.0,0.0
primary,2013,1,0,sex,213,0,0.0,0.0
primary,2013,1,0,race,213,0,0.0,0.0
primary,2013,1,0,education,213,0,0.0,0.0
primary,2013,1,0,pir,213,12,5.633802816901409,5.542086124934064
primary,2013,1,0,smoke,213,1,0.4694835680751174,0.14358771334216344
primary,2013,1,1,age,41,0,0.0,0.0
primary,2013,1,1,sex,41,0,0.0,0.0
primary,2013,1,1,race,41,0,0.0,0.0
primary,2013,1,1,education,41,0,0.0,0.0
primary,2013,1,1,pir,41,0,0.0,0.0
primary,2013,1,1,smoke,41,0,0.0,0.0
primary,2015,0,0,age,4619,0,0.0,0.0
primary,2015,0,0,sex,4619,0,0.0,0.0
primary,2015,0,0,race,4619,0,0.0,0.0
primary,2015,0,0,education,4619,2,0.043299415457891316,0.010291997163975672
primary,2015,0,0,pir,4619,500,10.824853864472828,8.405615326429894
primary,2015,0,0,smoke,4619,7,0.15154795410261962,0.10712820751598158
primary,2015,0,1,age,385,0,0.0,0.0
primary,2015,0,1,sex,385,0,0.0,0.0
primary,2015,0,1,race,385,0,0.0,0.0
primary,2015,0,1,education,385,1,0.2597402597402597,0.07449383758990313
primary,2015,0,1,pir,385,37,9.61038961038961,7.120730316120773
primary,2015,0,1,smoke,385,1,0.2597402597402597,0.07449383758990313
primary,2015,1,0,age,244,0,0.0,0.0
primary,2015,1,0,sex,244,0,0.0,0.0
primary,2015,1,0,race,244,0,0.0,0.0
primary,2015,1,0,education,244,0,0.0,0.0
primary,2015,1,0,pir,244,28,11.475409836065573,9.35473230860464
primary,2015,1,0,smoke,244,0,0.0,0.0
primary,2015,1,1,age,48,0,0.0,0.0
primary,2015,1,1,sex,48,0,0.0,0.0
primary,2015,1,1,race,48,0,0.0,0.0
primary,2015,1,1,education,48,0,0.0,0.0
primary,2015,1,1,pir,48,9,18.75,16.588466269423048
primary,2015,1,1,smoke,48,1,2.083333333333333,1.5433957551587367
primary,2017,0,0,age,4353,0,0.0,0.0
primary,2017,0,0,sex,4353,0,0.0,0.0
primary,2017,0,0,race,4353,0,0.0,0.0
primary,2017,0,0,education,4353,8,0.1837813002526993,0.12649579823747784
primary,2017,0,0,pir,4353,593,13.622788881231335,11.478727234224355
primary,2017,0,0,smoke,4353,0,0.0,0.0
primary,2017,0,1,age,402,0,0.0,0.0
primary,2017,0,1,sex,402,0,0.0,0.0
primary,2017,0,1,race,402,0,0.0,0.0
primary,2017,0,1,education,402,1,0.24875621890547264,0.05640622235148894
primary,2017,0,1,pir,402,45,11.194029850746269,8.759794313820947
primary,2017,0,1,smoke,402,0,0.0,0.0
primary,2017,1,0,age,281,0,0.0,0.0
primary,2017,1,0,sex,281,0,0.0,0.0
primary,2017,1,0,race,281,0,0.0,0.0
primary,2017,1,0,education,281,0,0.0,0.0
primary,2017,1,0,pir,281,41,14.590747330960854,12.05785827173611
primary,2017,1,0,smoke,281,0,0.0,0.0
primary,2017,1,1,age,54,0,0.0,0.0
primary,2017,1,1,sex,54,0,0.0,0.0
primary,2017,1,1,race,54,0,0.0,0.0
primary,2017,1,1,education,54,1,1.8518518518518516,1.0736200548623118
primary,2017,1,1,pir,54,10,18.51851851851852,19.656852232552232
primary,2017,1,1,smoke,54,0,0.0,0.0
ever20,all,0,0,age,41167,0,0.0,0.0
ever20,all,0,0,sex,41167,0,0.0,0.0
ever20,all,0,0,race,41167,0,0.0,0.0
ever20,all,0,0,education,41167,71,0.17246823912356984,0.13339538640080242
ever20,all,0,0,pir,41167,3911,9.500327932567346,7.8300838322059185
ever20,all,0,0,smoke,41167,41,0.09959433526854035,0.07275691526210823
ever20,all,0,1,age,5901,0,0.0,0.0
ever20,all,0,1,sex,5901,0,0.0,0.0
ever20,all,0,1,race,5901,0,0.0,0.0
ever20,all,0,1,education,5901,7,0.11862396204033215,0.08374239762388992
ever20,all,0,1,pir,5901,479,8.117268259617013,6.818146962070919
ever20,all,0,1,smoke,5901,7,0.11862396204033215,0.11655399741249772
ever20,all,1,0,age,2377,0,0.0,0.0
ever20,all,1,0,sex,2377,0,0.0,0.0
ever20,all,1,0,race,2377,0,0.0,0.0
ever20,all,1,0,education,2377,5,0.2103491796381994,0.10590215136248048
ever20,all,1,0,pir,2377,231,9.718132099284812,8.479031535330233
ever20,all,1,0,smoke,2377,4,0.16827934371055953,0.0732546979993377
ever20,all,1,1,age,573,0,0.0,0.0
ever20,all,1,1,sex,573,0,0.0,0.0
ever20,all,1,1,race,573,0,0.0,0.0
ever20,all,1,1,education,573,3,0.5235602094240838,0.2387776827116084
ever20,all,1,1,pir,573,52,9.07504363001745,6.790452643399843
ever20,all,1,1,smoke,573,1,0.17452006980802792,0.12899683003763482
ever20,1999,0,0,age,3589,0,0.0,0.0
ever20,1999,0,0,sex,3589,0,0.0,0.0
ever20,1999,0,0,race,3589,0,0.0,0.0
ever20,1999,0,0,education,3589,13,0.3622178879910839,0.3116723363040772
ever20,1999,0,0,pir,3589,542,15.101699637782112,12.598282223469415
ever20,1999,0,0,smoke,3589,8,0.22290331568682087,0.1993572390244249
ever20,1999,0,1,age,394,0,0.0,0.0
ever20,1999,0,1,sex,394,0,0.0,0.0
ever20,1999,0,1,race,394,0,0.0,0.0
ever20,1999,0,1,education,394,1,0.25380710659898476,0.39080715157989354
ever20,1999,0,1,pir,394,53,13.451776649746192,10.628607391780852
ever20,1999,0,1,smoke,394,2,0.5076142131979695,0.7500390117095663
ever20,1999,1,0,age,315,0,0.0,0.0
ever20,1999,1,0,sex,315,0,0.0,0.0
ever20,1999,1,0,race,315,0,0.0,0.0
ever20,1999,1,0,education,315,1,0.31746031746031744,0.18892919054289378
ever20,1999,1,0,pir,315,46,14.603174603174605,13.391969745590343
ever20,1999,1,0,smoke,315,1,0.31746031746031744,0.03693591097866674
ever20,1999,1,1,age,52,0,0.0,0.0
ever20,1999,1,1,sex,52,0,0.0,0.0
ever20,1999,1,1,race,52,0,0.0,0.0
ever20,1999,1,1,education,52,1,1.9230769230769231,0.8622816231826275
ever20,1999,1,1,pir,52,7,13.461538461538462,5.20347667551797
ever20,1999,1,1,smoke,52,0,0.0,0.0
ever20,2001,0,0,age,4163,0,0.0,0.0
ever20,2001,0,0,sex,4163,0,0.0,0.0
ever20,2001,0,0,race,4163,0,0.0,0.0
ever20,2001,0,0,education,4163,11,0.2642325246216671,0.2628426218772317
ever20,2001,0,0,pir,4163,329,7.902954600048043,6.912172649161487
ever20,2001,0,0,smoke,4163,7,0.16814797021378813,0.13838054435903904
ever20,2001,0,1,age,442,0,0.0,0.0
ever20,2001,0,1,sex,442,0,0.0,0.0
ever20,2001,0,1,race,442,0,0.0,0.0
ever20,2001,0,1,education,442,1,0.22624434389140274,0.2924176566371495
ever20,2001,0,1,pir,442,25,5.656108597285068,6.205547465638024
ever20,2001,0,1,smoke,442,1,0.22624434389140274,0.2924176566371495
ever20,2001,1,0,age,243,0,0.0,0.0
ever20,2001,1,0,sex,243,0,0.0,0.0
ever20,2001,1,0,race,243,0,0.0,0.0
ever20,2001,1,0,education,243,2,0.823045267489712,0.5336473030871469
ever20,2001,1,0,pir,243,25,10.2880658436214,9.567773374634843
ever20,2001,1,0,smoke,243,2,0.823045267489712,0.5336473030871469
ever20,2001,1,1,age,39,0,0.0,0.0
ever20,2001,1,1,sex,39,0,0.0,0.0
ever20,2001,1,1,race,39,0,0.0,0.0
ever20,2001,1,1,education,39,0,0.0,0.0
ever20,2001,1,1,pir,39,1,2.564102564102564,1.4785251669760702
ever20,2001,1,1,smoke,39,0,0.0,0.0
ever20,2003,0,0,age,3784,0,0.0,0.0
ever20,2003,0,0,sex,3784,0,0.0,0.0
ever20,2003,0,0,race,3784,0,0.0,0.0
ever20,2003,0,0,education,3784,9,0.23784355179704017,0.10153155886856333
ever20,2003,0,0,pir,3784,220,5.813953488372093,5.545758892224552
ever20,2003,0,0,smoke,3784,5,0.1321353065539112,0.04988742075415606
ever20,2003,0,1,age,489,0,0.0,0.0
ever20,2003,0,1,sex,489,0,0.0,0.0
ever20,2003,0,1,race,489,0,0.0,0.0
ever20,2003,0,1,education,489,0,0.0,0.0
ever20,2003,0,1,pir,489,32,6.5439672801636,6.257196524135195
ever20,2003,0,1,smoke,489,0,0.0,0.0
ever20,2003,1,0,age,222,0,0.0,0.0
ever20,2003,1,0,sex,222,0,0.0,0.0
ever20,2003,1,0,race,222,0,0.0,0.0
ever20,2003,1,0,education,222,1,0.45045045045045046,0.1496356778792951
ever20,2003,1,0,pir,222,11,4.954954954954955,5.3557516338844655
ever20,2003,1,0,smoke,222,0,0.0,0.0
ever20,2003,1,1,age,49,0,0.0,0.0
ever20,2003,1,1,sex,49,0,0.0,0.0
ever20,2003,1,1,race,49,0,0.0,0.0
ever20,2003,1,1,education,49,0,0.0,0.0
ever20,2003,1,1,pir,49,3,6.122448979591836,8.61069194400632
ever20,2003,1,1,smoke,49,0,0.0,0.0
ever20,2005,0,0,age,3727,0,0.0,0.0
ever20,2005,0,0,sex,3727,0,0.0,0.0
ever20,2005,0,0,race,3727,0,0.0,0.0
ever20,2005,0,0,education,3727,6,0.16098738932116982,0.15228969446232593
ever20,2005,0,0,pir,3727,188,5.0442715320633225,3.8408660594387816
ever20,2005,0,0,smoke,3727,4,0.10732492621411323,0.10080390634181877
ever20,2005,0,1,age,537,0,0.0,0.0
ever20,2005,0,1,sex,537,0,0.0,0.0
ever20,2005,0,1,race,537,0,0.0,0.0
ever20,2005,0,1,education,537,0,0.0,0.0
ever20,2005,0,1,pir,537,17,3.165735567970205,3.023213692925441
ever20,2005,0,1,smoke,537,0,0.0,0.0
ever20,2005,1,0,age,192,0,0.0,0.0
ever20,2005,1,0,sex,192,0,0.0,0.0
ever20,2005,1,0,race,192,0,0.0,0.0
ever20,2005,1,0,education,192,0,0.0,0.0
ever20,2005,1,0,pir,192,9,4.6875,4.067958209946408
ever20,2005,1,0,smoke,192,0,0.0,0.0
ever20,2005,1,1,age,45,0,0.0,0.0
ever20,2005,1,1,sex,45,0,0.0,0.0
ever20,2005,1,1,race,45,0,0.0,0.0
ever20,2005,1,1,education,45,0,0.0,0.0
ever20,2005,1,1,pir,45,3,6.666666666666667,7.958417914978772
ever20,2005,1,1,smoke,45,0,0.0,0.0
ever20,2007,0,0,age,4308,0,0.0,0.0
ever20,2007,0,0,sex,4308,0,0.0,0.0
ever20,2007,0,0,race,4308,0,0.0,0.0
ever20,2007,0,0,education,4308,4,0.09285051067780872,0.07462242346097347
ever20,2007,0,0,pir,4308,393,9.122562674094707,7.596747024793033
ever20,2007,0,0,smoke,4308,3,0.06963788300835655,0.032554419068350965
ever20,2007,0,1,age,609,0,0.0,0.0
ever20,2007,0,1,sex,609,0,0.0,0.0
ever20,2007,0,1,race,609,0,0.0,0.0
ever20,2007,0,1,education,609,0,0.0,0.0
ever20,2007,0,1,pir,609,58,9.523809523809524,8.176252602972514
ever20,2007,0,1,smoke,609,2,0.3284072249589491,0.28119446673317977
ever20,2007,1,0,age,278,0,0.0,0.0
ever20,2007,1,0,sex,278,0,0.0,0.0
ever20,2007,1,0,race,278,0,0.0,0.0
ever20,2007,1,0,education,278,0,0.0,0.0
ever20,2007,1,0,pir,278,22,7.913669064748201,6.387616018593561
ever20,2007,1,0,smoke,278,0,0.0,0.0
ever20,2007,1,1,age,67,0,0.0,0.0
ever20,2007,1,1,sex,67,0,0.0,0.0
ever20,2007,1,1,race,67,0,0.0,0.0
ever20,2007,1,1,education,67,0,0.0,0.0
ever20,2007,1,1,pir,67,5,7.462686567164178,3.076157279929419
ever20,2007,1,1,smoke,67,0,0.0,0.0
ever20,2009,0,0,age,4602,0,0.0,0.0
ever20,2009,0,0,sex,4602,0,0.0,0.0
ever20,2009,0,0,race,4602,0,0.0,0.0
ever20,2009,0,0,education,4602,13,0.2824858757062147,0.23895753508265877
ever20,2009,0,0,pir,4602,476,10.343328987396784,8.444657673582059
ever20,2009,0,0,smoke,4602,0,0.0,0.0
ever20,2009,0,1,age,670,0,0.0,0.0
ever20,2009,0,1,sex,670,0,0.0,0.0
ever20,2009,0,1,race,670,0,0.0,0.0
ever20,2009,0,1,education,670,1,0.1492537313432836,0.08229872909201445
ever20,2009,0,1,pir,670,49,7.313432835820896,5.220854207931428
ever20,2009,0,1,smoke,670,0,0.0,0.0
ever20,2009,1,0,age,256,0,0.0,0.0
ever20,2009,1,0,sex,256,0,0.0,0.0
ever20,2009,1,0,race,256,0,0.0,0.0
ever20,2009,1,0,education,256,0,0.0,0.0
ever20,2009,1,0,pir,256,18,7.03125,7.092999401802846
ever20,2009,1,0,smoke,256,0,0.0,0.0
ever20,2009,1,1,age,60,0,0.0,0.0
ever20,2009,1,1,sex,60,0,0.0,0.0
ever20,2009,1,1,race,60,0,0.0,0.0
ever20,2009,1,1,education,60,0,0.0,0.0
ever20,2009,1,1,pir,60,6,10.0,9.15689263448776
ever20,2009,1,1,smoke,60,0,0.0,0.0
ever20,2011,0,0,age,4203,0,0.0,0.0
ever20,2011,0,0,sex,4203,0,0.0,0.0
ever20,2011,0,0,race,4203,0,0.0,0.0
ever20,2011,0,0,education,4203,1,0.023792529145848205,0.007857591971939906
ever20,2011,0,0,pir,4203,367,8.731858196526291,6.430886751897774
ever20,2011,0,0,smoke,4203,7,0.16654770402093744,0.11166549824016077
ever20,2011,0,1,age,677,0,0.0,0.0
ever20,2011,0,1,sex,677,0,0.0,0.0
ever20,2011,0,1,race,677,0,0.0,0.0
ever20,2011,0,1,education,677,0,0.0,0.0
ever20,2011,0,1,pir,677,55,8.124076809453472,5.764924442569375
ever20,2011,0,1,smoke,677,0,0.0,0.0
ever20,2011,1,0,age,191,0,0.0,0.0
ever20,2011,1,0,sex,191,0,0.0,0.0
ever20,2011,1,0,race,191,0,0.0,0.0
ever20,2011,1,0,education,191,1,0.5235602094240838,0.15186230944307805
ever20,2011,1,0,pir,191,21,10.99476439790576,7.392866348627671
ever20,2011,1,0,smoke,191,0,0.0,0.0
ever20,2011,1,1,age,58,0,0.0,0.0
ever20,2011,1,1,sex,58,0,0.0,0.0
ever20,2011,1,1,race,58,0,0.0,0.0
ever20,2011,1,1,education,58,1,1.7241379310344827,0.6373538359126949
ever20,2011,1,1,pir,58,6,10.344827586206897,6.177087378930717
ever20,2011,1,1,smoke,58,0,0.0,0.0
ever20,2013,0,0,age,4373,0,0.0,0.0
ever20,2013,0,0,sex,4373,0,0.0,0.0
ever20,2013,0,0,race,4373,0,0.0,0.0
ever20,2013,0,0,education,4373,4,0.0914703864623828,0.07955619654741942
ever20,2013,0,0,pir,4373,359,8.209467184998855,6.904461259511601
ever20,2013,0,0,smoke,4373,1,0.0228675966155957,0.017468455524347525
ever20,2013,0,1,age,723,0,0.0,0.0
ever20,2013,0,1,sex,723,0,0.0,0.0
ever20,2013,0,1,race,723,0,0.0,0.0
ever20,2013,0,1,education,723,2,0.2766251728907331,0.1402611280275266
ever20,2013,0,1,pir,723,47,6.500691562932228,6.028992263809922
ever20,2013,0,1,smoke,723,0,0.0,0.0
ever20,2013,1,0,age,198,0,0.0,0.0
ever20,2013,1,0,sex,198,0,0.0,0.0
ever20,2013,1,0,race,198,0,0.0,0.0
ever20,2013,1,0,education,198,0,0.0,0.0
ever20,2013,1,0,pir,198,12,6.0606060606060606,6.046399596427603
ever20,2013,1,0,smoke,198,1,0.5050505050505051,0.15665377123931803
ever20,2013,1,1,age,56,0,0.0,0.0
ever20,2013,1,1,sex,56,0,0.0,0.0
ever20,2013,1,1,race,56,0,0.0,0.0
ever20,2013,1,1,education,56,0,0.0,0.0
ever20,2013,1,1,pir,56,0,0.0,0.0
ever20,2013,1,1,smoke,56,0,0.0,0.0
ever20,2015,0,0,age,4322,0,0.0,0.0
ever20,2015,0,0,sex,4322,0,0.0,0.0
ever20,2015,0,0,race,4322,0,0.0,0.0
ever20,2015,0,0,education,4322,2,0.04627487274409996,0.011071009542996679
ever20,2015,0,0,pir,4322,469,10.851457658491439,8.30975585892504
ever20,2015,0,0,smoke,4322,6,0.13882461823229986,0.10278329408877636
ever20,2015,0,1,age,690,0,0.0,0.0
ever20,2015,0,1,sex,690,0,0.0,0.0
ever20,2015,0,1,race,690,0,0.0,0.0
ever20,2015,0,1,education,690,1,0.14492753623188406,0.0410905035471099
ever20,2015,0,1,pir,690,70,10.144927536231885,8.404087387743335
ever20,2015,0,1,smoke,690,2,0.2898550724637681,0.11321838039567754
ever20,2015,1,0,age,227,0,0.0,0.0
ever20,2015,1,0,sex,227,0,0.0,0.0
ever20,2015,1,0,race,227,0,0.0,0.0
ever20,2015,1,0,education,227,0,0.0,0.0
ever20,2015,1,0,pir,227,28,12.334801762114537,10.046492223843368
ever20,2015,1,0,smoke,227,0,0.0,0.0
ever20,2015,1,1,age,65,0,0.0,0.0
ever20,2015,1,1,sex,65,0,0.0,0.0
ever20,2015,1,1,race,65,0,0.0,0.0
ever20,2015,1,1,education,65,0,0.0,0.0
ever20,2015,1,1,pir,65,9,13.846153846153847,12.478866611157814
ever20,2015,1,1,smoke,65,1,1.5384615384615385,1.1610374005675281
ever20,2017,0,0,age,4096,0,0.0,0.0
ever20,2017,0,0,sex,4096,0,0.0,0.0
ever20,2017,0,0,race,4096,0,0.0,0.0
ever20,2017,0,0,education,4096,8,0.1953125,0.13490279487100884
ever20,2017,0,0,pir,4096,568,13.8671875,11.749480407164905
ever20,2017,0,0,smoke,4096,0,0.0,0.0
ever20,2017,0,1,age,670,0,0.0,0.0
ever20,2017,0,1,sex,670,0,0.0,0.0
ever20,2017,0,1,race,670,0,0.0,0.0
ever20,2017,0,1,education,670,1,0.1492537313432836,0.03253260425594537
ever20,2017,0,1,pir,670,73,10.895522388059701,8.906645321534516
ever20,2017,0,1,smoke,670,0,0.0,0.0
ever20,2017,1,0,age,255,0,0.0,0.0
ever20,2017,1,0,sex,255,0,0.0,0.0
ever20,2017,1,0,race,255,0,0.0,0.0
ever20,2017,1,0,education,255,0,0.0,0.0
ever20,2017,1,0,pir,255,39,15.294117647058824,13.041059996013011
ever20,2017,1,0,smoke,255,0,0.0,0.0
ever20,2017,1,1,age,82,0,0.0,0.0
ever20,2017,1,1,sex,82,0,0.0,0.0
ever20,2017,1,1,race,82,0,0.0,0.0
ever20,2017,1,1,education,82,1,1.2195121951219512,0.6517634914735246
ever20,2017,1,1,pir,82,12,14.634146341463413,12.953523503262975
ever20,2017,1,1,smoke,82,0,0.0,0.0
