cycle,module,variable,code,expected,actual,pass_check
1999-2000,DEMO,SDDSRVYR,1,9965,9965,True
1999-2000,DEMO,SDDSRVYR,.,0,0,True
1999-2000,DEMO,RIAGENDR,1,4883,4883,True
1999-2000,DEMO,RIAGENDR,2,5082,5082,True
1999-2000,DEMO,RIAGENDR,.,0,0,True
1999-2000,DEMO,RIDAGEYR,0 to 84,9792,9792,True
1999-2000,DEMO,RIDAGEYR,85,173,173,True
1999-2000,DEMO,RIDAGEYR,.,0,0,True
1999-2000,DEMO,RIDRETH1,1,3393,3393,True
1999-2000,DEMO,RIDRETH1,2,589,589,True
1999-2000,DEMO,RIDRETH1,3,3367,3367,True
1999-2000,DEMO,RIDRETH1,4,2228,2228,True
1999-2000,DEMO,RIDRETH1,5,388,388,True
1999-2000,DEMO,RIDRETH1,.,0,0,True
1999-2000,DEMO,DMDEDUC2,1,932,932,True
1999-2000,DEMO,DMDEDUC2,2,964,964,True
1999-2000,DEMO,DMDEDUC2,3,1097,1097,True
1999-2000,DEMO,DMDEDUC2,4,1070,1070,True
1999-2000,DEMO,DMDEDUC2,5,793,793,True
1999-2000,DEMO,DMDEDUC2,7,8,8,True
1999-2000,DEMO,DMDEDUC2,9,14,14,True
1999-2000,DEMO,DMDEDUC2,.,5087,5087,True
1999-2000,DEMO,INDFMPIR,0 to 4.99,7466,7466,True
1999-2000,DEMO,INDFMPIR,5,1016,1016,True
1999-2000,DEMO,INDFMPIR,.,1483,1483,True
1999-2000,DEMO,WTINT2YR,974.66525161 to 236864.13597,9965,9965,True
1999-2000,DEMO,WTINT2YR,.,0,0,True
1999-2000,DEMO,WTINT4YR,620.682382 to 100652.32964,9965,9965,True
1999-2000,DEMO,WTINT4YR,.,0,0,True
1999-2000,DEMO,WTMEC2YR,0 to 261361.33834,9965,9965,True
1999-2000,DEMO,WTMEC2YR,.,0,0,True
1999-2000,DEMO,WTMEC4YR,0 to 103831.17105,9965,9965,True
1999-2000,DEMO,WTMEC4YR,.,0,0,True
1999-2000,DEMO,SDMVPSU,1 to 3,9965,9965,True
1999-2000,DEMO,SDMVPSU,.,0,0,True
1999-2000,DEMO,SDMVSTRA,1 to 13,9965,9965,True
1999-2000,DEMO,SDMVSTRA,.,0,0,True
1999-2000,MCQ,MCQ010,1,1170,1170,True
1999-2000,MCQ,MCQ010,2,8314,8314,True
1999-2000,MCQ,MCQ010,7,0,0,True
1999-2000,MCQ,MCQ010,9,9,9,True
1999-2000,MCQ,MCQ010,.,0,0,True
1999-2000,MCQ,MCQ030,1,415,415,True
1999-2000,MCQ,MCQ030,2,230,230,True
1999-2000,MCQ,MCQ030,7,0,0,True
1999-2000,MCQ,MCQ030,9,10,10,True
1999-2000,MCQ,MCQ030,.,8838,8838,True
1999-2000,MCQ,MCQ040,1,410,410,True
1999-2000,MCQ,MCQ040,2,520,520,True
1999-2000,MCQ,MCQ040,7,0,0,True
1999-2000,MCQ,MCQ040,9,0,0,True
1999-2000,MCQ,MCQ040,.,8563,8563,True
1999-2000,MCQ,MCQ050,1,145,145,True
1999-2000,MCQ,MCQ050,2,265,265,True
1999-2000,MCQ,MCQ050,7,0,0,True
1999-2000,MCQ,MCQ050,9,0,0,True
1999-2000,MCQ,MCQ050,.,9083,9083,True
1999-2000,MCQ,MCQ160A,1,1239,1239,True
1999-2000,MCQ,MCQ160A,2,3634,3634,True
1999-2000,MCQ,MCQ160A,7,0,0,True
1999-2000,MCQ,MCQ160A,9,7,7,True
1999-2000,MCQ,MCQ160A,.,4613,4613,True
1999-2000,MCQ,MCQ190,1,367,367,True
1999-2000,MCQ,MCQ190,2,322,322,True
1999-2000,MCQ,MCQ190,3,32,32,True
1999-2000,MCQ,MCQ190,7,1,1,True
1999-2000,MCQ,MCQ190,9,517,517,True
1999-2000,MCQ,MCQ190,.,8254,8254,True
1999-2000,SMQ,SMQ020,1,2299,2299,True
1999-2000,SMQ,SMQ020,2,2566,2566,True
1999-2000,SMQ,SMQ020,7,4,4,True
1999-2000,SMQ,SMQ020,9,8,8,True
1999-2000,SMQ,SMQ020,.,3,3,True
1999-2000,SMQ,SMQ040,1,823,823,True
1999-2000,SMQ,SMQ040,2,176,176,True
1999-2000,SMQ,SMQ040,3,1300,1300,True
1999-2000,SMQ,SMQ040,7,0,0,True
1999-2000,SMQ,SMQ040,9,0,0,True
1999-2000,SMQ,SMQ040,.,2581,2581,True
2001-2002,DEMO,SDDSRVYR,2,11039,11039,True
2001-2002,DEMO,SDDSRVYR,.,0,0,True
2001-2002,DEMO,RIAGENDR,1,5331,5331,True
2001-2002,DEMO,RIAGENDR,2,5708,5708,True
2001-2002,DEMO,RIAGENDR,.,0,0,True
2001-2002,DEMO,RIDAGEYR,0 to 84,10803,10803,True
2001-2002,DEMO,RIDAGEYR,85,236,236,True
2001-2002,DEMO,RIDAGEYR,.,0,0,True
2001-2002,DEMO,RIDRETH1,1,2776,2776,True
2001-2002,DEMO,RIDRETH1,2,517,517,True
2001-2002,DEMO,RIDRETH1,3,4606,4606,True
2001-2002,DEMO,RIDRETH1,4,2681,2681,True
2001-2002,DEMO,RIDRETH1,5,459,459,True
2001-2002,DEMO,RIDRETH1,.,0,0,True
2001-2002,DEMO,DMDEDUC2,1,797,797,True
2001-2002,DEMO,DMDEDUC2,2,870,870,True
2001-2002,DEMO,DMDEDUC2,3,1265,1265,True
2001-2002,DEMO,DMDEDUC2,4,1379,1379,True
2001-2002,DEMO,DMDEDUC2,5,1079,1079,True
2001-2002,DEMO,DMDEDUC2,7,5,5,True
2001-2002,DEMO,DMDEDUC2,9,12,12,True
2001-2002,DEMO,DMDEDUC2,.,5632,5632,True
2001-2002,DEMO,INDFMPIR,0 to 4.99,8763,8763,True
2001-2002,DEMO,INDFMPIR,5,1482,1482,True
2001-2002,DEMO,INDFMPIR,.,794,794,True
2001-2002,DEMO,WTINT2YR,1492.093618 to 201188.12151,11039,11039,True
2001-2002,DEMO,WTINT2YR,.,0,0,True
2001-2002,DEMO,WTINT4YR,683.456211 to 94900.896398,11039,11039,True
2001-2002,DEMO,WTINT4YR,.,0,0,True
2001-2002,DEMO,WTMEC2YR,0 to 211850.66405,11039,11039,True
2001-2002,DEMO,WTMEC2YR,.,0,0,True
2001-2002,DEMO,WTMEC4YR,0 to 103831.17105,11039,11039,True
2001-2002,DEMO,WTMEC4YR,.,0,0,True
2001-2002,DEMO,SDMVPSU,1 to 2,11039,11039,True
2001-2002,DEMO,SDMVPSU,.,0,0,True
2001-2002,DEMO,SDMVSTRA,14 to 28,11039,11039,True
2001-2002,DEMO,SDMVSTRA,.,0,0,True
2001-2002,MCQ,MCQ010,1,1288,1288,True
2001-2002,MCQ,MCQ010,2,9172,9172,True
2001-2002,MCQ,MCQ010,7,0,0,True
2001-2002,MCQ,MCQ010,9,9,9,True
2001-2002,MCQ,MCQ010,.,1,1,True
2001-2002,MCQ,MCQ035,1,793,793,True
2001-2002,MCQ,MCQ035,2,474,474,True
2001-2002,MCQ,MCQ035,7,0,0,True
2001-2002,MCQ,MCQ035,9,21,21,True
2001-2002,MCQ,MCQ035,.,9182,9182,True
2001-2002,MCQ,MCQ040,1,436,436,True
2001-2002,MCQ,MCQ040,2,355,355,True
2001-2002,MCQ,MCQ040,7,0,0,True
2001-2002,MCQ,MCQ040,9,2,2,True
2001-2002,MCQ,MCQ040,.,9677,9677,True
2001-2002,MCQ,MCQ050,1,153,153,True
2001-2002,MCQ,MCQ050,2,282,282,True
2001-2002,MCQ,MCQ050,7,0,0,True
2001-2002,MCQ,MCQ050,9,1,1,True
2001-2002,MCQ,MCQ050,.,10034,10034,True
2001-2002,MCQ,MCQ160A,1,1331,1331,True
2001-2002,MCQ,MCQ160A,2,4074,4074,True
2001-2002,MCQ,MCQ160A,7,0,0,True
2001-2002,MCQ,MCQ160A,9,6,6,True
2001-2002,MCQ,MCQ160A,.,5059,5059,True
2001-2002,MCQ,MCQ190,1,282,282,True
2001-2002,MCQ,MCQ190,2,392,392,True
2001-2002,MCQ,MCQ190,3,142,142,True
2001-2002,MCQ,MCQ190,7,5,5,True
2001-2002,MCQ,MCQ190,9,509,509,True
2001-2002,MCQ,MCQ190,.,9140,9140,True
2001-2002,SMQ,SMQ020,1,2596,2596,True
2001-2002,SMQ,SMQ020,2,2801,2801,True
2001-2002,SMQ,SMQ020,7,4,4,True
2001-2002,SMQ,SMQ020,9,6,6,True
2001-2002,SMQ,SMQ020,.,4,4,True
2001-2002,SMQ,SMQ040,1,951,951,True
2001-2002,SMQ,SMQ040,2,220,220,True
2001-2002,SMQ,SMQ040,3,1424,1424,True
2001-2002,SMQ,SMQ040,7,0,0,True
2001-2002,SMQ,SMQ040,9,1,1,True
2001-2002,SMQ,SMQ040,.,2815,2815,True
2003-2004,DEMO,SDDSRVYR,3,10122,10122,True
2003-2004,DEMO,SDDSRVYR,.,0,0,True
2003-2004,DEMO,RIAGENDR,1,4970,4970,True
2003-2004,DEMO,RIAGENDR,2,5152,5152,True
2003-2004,DEMO,RIAGENDR,.,0,0,True
2003-2004,DEMO,RIDAGEYR,0 to 84,9899,9899,True
2003-2004,DEMO,RIDAGEYR,85,223,223,True
2003-2004,DEMO,RIDAGEYR,.,0,0,True
2003-2004,DEMO,RIDRETH1,1,2519,2519,True
2003-2004,DEMO,RIDRETH1,2,341,341,True
2003-2004,DEMO,RIDRETH1,3,4133,4133,True
2003-2004,DEMO,RIDRETH1,4,2663,2663,True
2003-2004,DEMO,RIDRETH1,5,466,466,True
2003-2004,DEMO,RIDRETH1,.,0,0,True
2003-2004,DEMO,DMDEDUC2,1,727,727,True
2003-2004,DEMO,DMDEDUC2,2,760,760,True
2003-2004,DEMO,DMDEDUC2,3,1269,1269,True
2003-2004,DEMO,DMDEDUC2,4,1356,1356,True
2003-2004,DEMO,DMDEDUC2,5,915,915,True
2003-2004,DEMO,DMDEDUC2,7,5,5,True
2003-2004,DEMO,DMDEDUC2,9,9,9,True
2003-2004,DEMO,DMDEDUC2,.,5081,5081,True
2003-2004,DEMO,INDFMPIR,0 to 4.99,8360,8360,True
2003-2004,DEMO,INDFMPIR,5,1175,1175,True
2003-2004,DEMO,INDFMPIR,.,587,587,True
2003-2004,DEMO,WTINT2YR,1498.994197 to 156319.65778,10122,10122,True
2003-2004,DEMO,WTINT2YR,.,0,0,True
2003-2004,DEMO,WTMEC2YR,0 to 159302.77518,10122,10122,True
2003-2004,DEMO,WTMEC2YR,.,0,0,True
2003-2004,DEMO,SDMVPSU,1 to 2,10122,10122,True
2003-2004,DEMO,SDMVPSU,.,0,0,True
2003-2004,DEMO,SDMVSTRA,29 to 43,10122,10122,True
2003-2004,DEMO,SDMVSTRA,.,0,0,True
2003-2004,MCQ,MCQ010,1,1336,1336,True
2003-2004,MCQ,MCQ010,2,8290,8290,True
2003-2004,MCQ,MCQ010,7,0,0,True
2003-2004,MCQ,MCQ010,9,19,19,True
2003-2004,MCQ,MCQ010,.,0,0,True
2003-2004,MCQ,MCQ035,1,845,845,True
2003-2004,MCQ,MCQ035,2,459,459,True
2003-2004,MCQ,MCQ035,7,0,0,True
2003-2004,MCQ,MCQ035,9,32,32,True
2003-2004,MCQ,MCQ035,.,8309,8309,True
2003-2004,MCQ,MCQ040,1,436,436,True
2003-2004,MCQ,MCQ040,2,407,407,True
2003-2004,MCQ,MCQ040,7,0,0,True
2003-2004,MCQ,MCQ040,9,2,2,True
2003-2004,MCQ,MCQ040,.,8800,8800,True
2003-2004,MCQ,MCQ050,1,147,147,True
2003-2004,MCQ,MCQ050,2,289,289,True
2003-2004,MCQ,MCQ050,7,0,0,True
2003-2004,MCQ,MCQ050,9,0,0,True
2003-2004,MCQ,MCQ050,.,9209,9209,True
2003-2004,MCQ,MCQ160A,1,1408,1408,True
2003-2004,MCQ,MCQ160A,2,3619,3619,True
2003-2004,MCQ,MCQ160A,7,0,0,True
2003-2004,MCQ,MCQ160A,9,13,13,True
2003-2004,MCQ,MCQ160A,.,4605,4605,True
2003-2004,MCQ,MCQ190,1,271,271,True
2003-2004,MCQ,MCQ190,2,498,498,True
2003-2004,MCQ,MCQ190,3,161,161,True
2003-2004,MCQ,MCQ190,7,0,0,True
2003-2004,MCQ,MCQ190,9,478,478,True
2003-2004,MCQ,MCQ190,.,8237,8237,True
2003-2004,SMQ,SMQ020,1,2497,2497,True
2003-2004,SMQ,SMQ020,2,2538,2538,True
2003-2004,SMQ,SMQ020,7,1,1,True
2003-2004,SMQ,SMQ020,9,4,4,True
2003-2004,SMQ,SMQ020,.,1,1,True
2003-2004,SMQ,SMQ040,1,934,934,True
2003-2004,SMQ,SMQ040,2,197,197,True
2003-2004,SMQ,SMQ040,3,1365,1365,True
2003-2004,SMQ,SMQ040,7,0,0,True
2003-2004,SMQ,SMQ040,9,0,0,True
2003-2004,SMQ,SMQ040,.,2545,2545,True
2005-2006,DEMO,SDDSRVYR,4,10348,10348,True
2005-2006,DEMO,SDDSRVYR,.,0,0,True
2005-2006,DEMO,RIAGENDR,1,5080,5080,True
2005-2006,DEMO,RIAGENDR,2,5268,5268,True
2005-2006,DEMO,RIAGENDR,.,0,0,True
2005-2006,DEMO,RIDAGEYR,0 to 84,10178,10178,True
2005-2006,DEMO,RIDAGEYR,85,170,170,True
2005-2006,DEMO,RIDAGEYR,.,0,0,True
2005-2006,DEMO,RIDRETH1,1,2847,2847,True
2005-2006,DEMO,RIDRETH1,2,349,349,True
2005-2006,DEMO,RIDRETH1,3,3928,3928,True
2005-2006,DEMO,RIDRETH1,4,2710,2710,True
2005-2006,DEMO,RIDRETH1,5,514,514,True
2005-2006,DEMO,RIDRETH1,.,0,0,True
2005-2006,DEMO,DMDEDUC2,1,628,628,True
2005-2006,DEMO,DMDEDUC2,2,766,766,True
2005-2006,DEMO,DMDEDUC2,3,1181,1181,True
2005-2006,DEMO,DMDEDUC2,4,1417,1417,True
2005-2006,DEMO,DMDEDUC2,5,978,978,True
2005-2006,DEMO,DMDEDUC2,7,6,6,True
2005-2006,DEMO,DMDEDUC2,9,3,3,True
2005-2006,DEMO,DMDEDUC2,.,5369,5369,True
2005-2006,DEMO,INDFMPIR,0 to 4.99,8409,8409,True
2005-2006,DEMO,INDFMPIR,5,1405,1405,True
2005-2006,DEMO,INDFMPIR,.,534,534,True
2005-2006,DEMO,WTINT2YR,1224.968032 to 152162.42158,10348,10348,True
2005-2006,DEMO,WTINT2YR,.,0,0,True
2005-2006,DEMO,WTMEC2YR,0 to 156152.18069,10348,10348,True
2005-2006,DEMO,WTMEC2YR,.,0,0,True
2005-2006,DEMO,SDMVPSU,1 to 2,10348,10348,True
2005-2006,DEMO,SDMVPSU,.,0,0,True
2005-2006,DEMO,SDMVSTRA,44 to 58,10348,10348,True
2005-2006,DEMO,SDMVSTRA,.,0,0,True
2005-2006,MCQ,MCQ010,1,1389,1389,True
2005-2006,MCQ,MCQ010,2,8420,8420,True
2005-2006,MCQ,MCQ010,7,0,0,True
2005-2006,MCQ,MCQ010,9,13,13,True
2005-2006,MCQ,MCQ010,.,0,0,True
2005-2006,MCQ,MCQ035,1,873,873,True
2005-2006,MCQ,MCQ035,2,492,492,True
2005-2006,MCQ,MCQ035,7,0,0,True
2005-2006,MCQ,MCQ035,9,24,24,True
2005-2006,MCQ,MCQ035,.,8433,8433,True
2005-2006,MCQ,MCQ040,1,476,476,True
2005-2006,MCQ,MCQ040,2,397,397,True
2005-2006,MCQ,MCQ040,7,0,0,True
2005-2006,MCQ,MCQ040,9,0,0,True
2005-2006,MCQ,MCQ040,.,8949,8949,True
2005-2006,MCQ,MCQ050,1,162,162,True
2005-2006,MCQ,MCQ050,2,314,314,True
2005-2006,MCQ,MCQ050,7,0,0,True
2005-2006,MCQ,MCQ050,9,0,0,True
2005-2006,MCQ,MCQ050,.,9346,9346,True
2005-2006,MCQ,MCQ160A,1,1247,1247,True
2005-2006,MCQ,MCQ160A,2,3722,3722,True
2005-2006,MCQ,MCQ160A,7,0,0,True
2005-2006,MCQ,MCQ160A,9,10,10,True
2005-2006,MCQ,MCQ160A,.,4843,4843,True
2005-2006,MCQ,MCQ190,1,238,238,True
2005-2006,MCQ,MCQ190,2,379,379,True
2005-2006,MCQ,MCQ190,3,167,167,True
2005-2006,MCQ,MCQ190,7,0,0,True
2005-2006,MCQ,MCQ190,9,463,463,True
2005-2006,MCQ,MCQ190,.,8575,8575,True
2005-2006,SMQ,SMQ020,1,2348,2348,True
2005-2006,SMQ,SMQ020,2,2625,2625,True
2005-2006,SMQ,SMQ020,7,3,3,True
2005-2006,SMQ,SMQ020,9,3,3,True
2005-2006,SMQ,SMQ020,.,2207,2207,True
2005-2006,SMQ,SMQ040,1,910,910,True
2005-2006,SMQ,SMQ040,2,179,179,True
2005-2006,SMQ,SMQ040,3,1259,1259,True
2005-2006,SMQ,SMQ040,7,0,0,True
2005-2006,SMQ,SMQ040,9,0,0,True
2005-2006,SMQ,SMQ040,.,4838,4838,True
2007-2008,DEMO,SDDSRVYR,5,10149,10149,True
2007-2008,DEMO,SDDSRVYR,.,0,0,True
2007-2008,DEMO,RIAGENDR,1,5096,5096,True
2007-2008,DEMO,RIAGENDR,2,5053,5053,True
2007-2008,DEMO,RIAGENDR,.,0,0,True
2007-2008,DEMO,RIDAGEYR,0 to 79,9710,9710,True
2007-2008,DEMO,RIDAGEYR,80,439,439,True
2007-2008,DEMO,RIDAGEYR,.,0,0,True
2007-2008,DEMO,RIDRETH1,1,2157,2157,True
2007-2008,DEMO,RIDRETH1,2,1201,1201,True
2007-2008,DEMO,RIDRETH1,3,4115,4115,True
2007-2008,DEMO,RIDRETH1,4,2211,2211,True
2007-2008,DEMO,RIDRETH1,5,465,465,True
2007-2008,DEMO,RIDRETH1,.,0,0,True
2007-2008,DEMO,DMDEDUC2,1,811,811,True
2007-2008,DEMO,DMDEDUC2,2,1050,1050,True
2007-2008,DEMO,DMDEDUC2,3,1462,1462,True
2007-2008,DEMO,DMDEDUC2,4,1505,1505,True
2007-2008,DEMO,DMDEDUC2,5,1100,1100,True
2007-2008,DEMO,DMDEDUC2,7,2,2,True
2007-2008,DEMO,DMDEDUC2,9,5,5,True
2007-2008,DEMO,DMDEDUC2,.,4214,4214,True
2007-2008,DEMO,INDFMPIR,0 to 4.99,7977,7977,True
2007-2008,DEMO,INDFMPIR,5,1278,1278,True
2007-2008,DEMO,INDFMPIR,.,894,894,True
2007-2008,DEMO,WTINT2YR,2359.373828 to 186295.50665,10149,10149,True
2007-2008,DEMO,WTINT2YR,.,0,0,True
2007-2008,DEMO,WTMEC2YR,0 to 192770.73006,10149,10149,True
2007-2008,DEMO,WTMEC2YR,.,0,0,True
2007-2008,DEMO,SDMVPSU,1 to 2,10149,10149,True
2007-2008,DEMO,SDMVPSU,.,0,0,True
2007-2008,DEMO,SDMVSTRA,59 to 74,10149,10149,True
2007-2008,DEMO,SDMVSTRA,.,0,0,True
2007-2008,MCQ,MCQ010,1,1385,1385,True
2007-2008,MCQ,MCQ010,2,8274,8274,True
2007-2008,MCQ,MCQ010,7,1,1,True
2007-2008,MCQ,MCQ010,9,6,6,True
2007-2008,MCQ,MCQ010,.,0,0,True
2007-2008,MCQ,MCQ035,1,835,835,True
2007-2008,MCQ,MCQ035,2,523,523,True
2007-2008,MCQ,MCQ035,7,0,0,True
2007-2008,MCQ,MCQ035,9,27,27,True
2007-2008,MCQ,MCQ035,.,8281,8281,True
2007-2008,MCQ,MCQ040,1,440,440,True
2007-2008,MCQ,MCQ040,2,394,394,True
2007-2008,MCQ,MCQ040,7,0,0,True
2007-2008,MCQ,MCQ040,9,1,1,True
2007-2008,MCQ,MCQ040,.,8831,8831,True
2007-2008,MCQ,MCQ050,1,147,147,True
2007-2008,MCQ,MCQ050,2,293,293,True
2007-2008,MCQ,MCQ050,7,0,0,True
2007-2008,MCQ,MCQ050,9,0,0,True
2007-2008,MCQ,MCQ050,.,9226,9226,True
2007-2008,MCQ,MCQ160A,1,1755,1755,True
2007-2008,MCQ,MCQ160A,2,4170,4170,True
2007-2008,MCQ,MCQ160A,7,0,0,True
2007-2008,MCQ,MCQ160A,9,10,10,True
2007-2008,MCQ,MCQ160A,.,3731,3731,True
2007-2008,MCQ,MCQ190,1,346,346,True
2007-2008,MCQ,MCQ190,2,531,531,True
2007-2008,MCQ,MCQ190,3,219,219,True
2007-2008,MCQ,MCQ190,7,1,1,True
2007-2008,MCQ,MCQ190,9,658,658,True
2007-2008,MCQ,MCQ190,.,7911,7911,True
2007-2008,SMQ,SMQ020,1,2802,2802,True
2007-2008,SMQ,SMQ020,2,3127,3127,True
2007-2008,SMQ,SMQ020,7,2,2,True
2007-2008,SMQ,SMQ020,9,4,4,True
2007-2008,SMQ,SMQ020,.,1210,1210,True
2007-2008,SMQ,SMQ040,1,1105,1105,True
2007-2008,SMQ,SMQ040,2,214,214,True
2007-2008,SMQ,SMQ040,3,1482,1482,True
2007-2008,SMQ,SMQ040,7,1,1,True
2007-2008,SMQ,SMQ040,9,0,0,True
2007-2008,SMQ,SMQ040,.,4343,4343,True
2009-2010,DEMO,SDDSRVYR,6,10537,10537,True
2009-2010,DEMO,SDDSRVYR,.,0,0,True
2009-2010,DEMO,RIAGENDR,1,5225,5225,True
2009-2010,DEMO,RIAGENDR,2,5312,5312,True
2009-2010,DEMO,RIAGENDR,.,0,0,True
2009-2010,DEMO,RIDAGEYR,0 to 79,10112,10112,True
2009-2010,DEMO,RIDAGEYR,80,425,425,True
2009-2010,DEMO,RIDAGEYR,.,0,0,True
2009-2010,DEMO,RIDRETH1,1,2384,2384,True
2009-2010,DEMO,RIDRETH1,2,1133,1133,True
2009-2010,DEMO,RIDRETH1,3,4420,4420,True
2009-2010,DEMO,RIDRETH1,4,1957,1957,True
2009-2010,DEMO,RIDRETH1,5,643,643,True
2009-2010,DEMO,RIDRETH1,.,0,0,True
2009-2010,DEMO,DMDEDUC2,1,771,771,True
2009-2010,DEMO,DMDEDUC2,2,1005,1005,True
2009-2010,DEMO,DMDEDUC2,3,1426,1426,True
2009-2010,DEMO,DMDEDUC2,4,1742,1742,True
2009-2010,DEMO,DMDEDUC2,5,1259,1259,True
2009-2010,DEMO,DMDEDUC2,7,5,5,True
2009-2010,DEMO,DMDEDUC2,9,10,10,True
2009-2010,DEMO,DMDEDUC2,.,4319,4319,True
2009-2010,DEMO,INDFMPIR,0 to 4.99,8230,8230,True
2009-2010,DEMO,INDFMPIR,5,1311,1311,True
2009-2010,DEMO,INDFMPIR,.,996,996,True
2009-2010,DEMO,WTINT2YR,3279.931789 to 153810.25883,10537,10537,True
2009-2010,DEMO,WTINT2YR,.,0,0,True
2009-2010,DEMO,WTMEC2YR,0 to 158146.91752,10537,10537,True
2009-2010,DEMO,WTMEC2YR,.,0,0,True
2009-2010,DEMO,SDMVPSU,1 to 3,10537,10537,True
2009-2010,DEMO,SDMVPSU,.,0,0,True
2009-2010,DEMO,SDMVSTRA,75 to 89,10537,10537,True
2009-2010,DEMO,SDMVSTRA,.,0,0,True
2009-2010,MCQ,MCQ010,1,1451,1451,True
2009-2010,MCQ,MCQ010,2,8641,8641,True
2009-2010,MCQ,MCQ010,7,1,1,True
2009-2010,MCQ,MCQ010,9,16,16,True
2009-2010,MCQ,MCQ010,.,0,0,True
2009-2010,MCQ,MCQ035,1,873,873,True
2009-2010,MCQ,MCQ035,2,548,548,True
2009-2010,MCQ,MCQ035,7,0,0,True
2009-2010,MCQ,MCQ035,9,30,30,True
2009-2010,MCQ,MCQ035,.,8658,8658,True
2009-2010,MCQ,MCQ040,1,435,435,True
2009-2010,MCQ,MCQ040,2,436,436,True
2009-2010,MCQ,MCQ040,7,0,0,True
2009-2010,MCQ,MCQ040,9,2,2,True
2009-2010,MCQ,MCQ040,.,9236,9236,True
2009-2010,MCQ,MCQ050,1,160,160,True
2009-2010,MCQ,MCQ050,2,275,275,True
2009-2010,MCQ,MCQ050,7,0,0,True
2009-2010,MCQ,MCQ050,9,0,0,True
2009-2010,MCQ,MCQ050,.,9674,9674,True
2009-2010,MCQ,MCQ160A,1,1674,1674,True
2009-2010,MCQ,MCQ160A,2,4527,4527,True
2009-2010,MCQ,MCQ160A,7,0,0,True
2009-2010,MCQ,MCQ160A,9,17,17,True
2009-2010,MCQ,MCQ160A,.,3891,3891,True
2009-2010,MCQ,MCQ191,1,316,316,True
2009-2010,MCQ,MCQ191,2,514,514,True
2009-2010,MCQ,MCQ191,3,8,8,True
2009-2010,MCQ,MCQ191,4,226,226,True
2009-2010,MCQ,MCQ191,7,5,5,True
2009-2010,MCQ,MCQ191,9,605,605,True
2009-2010,MCQ,MCQ191,.,8435,8435,True
2009-2010,SMQ,SMQ020,1,2866,2866,True
2009-2010,SMQ,SMQ020,2,3352,3352,True
2009-2010,SMQ,SMQ020,7,0,0,True
2009-2010,SMQ,SMQ020,9,0,0,True
2009-2010,SMQ,SMQ020,.,1310,1310,True
2009-2010,SMQ,SMQ040,1,1103,1103,True
2009-2010,SMQ,SMQ040,2,243,243,True
2009-2010,SMQ,SMQ040,3,1520,1520,True
2009-2010,SMQ,SMQ040,7,0,0,True
2009-2010,SMQ,SMQ040,9,0,0,True
2009-2010,SMQ,SMQ040,.,4662,4662,True
2011-2012,DEMO,SDDSRVYR,7,9756,9756,True
2011-2012,DEMO,SDDSRVYR,.,0,0,True
2011-2012,DEMO,RIAGENDR,1,4856,4856,True
2011-2012,DEMO,RIAGENDR,2,4900,4900,True
2011-2012,DEMO,RIAGENDR,.,0,0,True
2011-2012,DEMO,RIDAGEYR,0 to 79,9393,9393,True
2011-2012,DEMO,RIDAGEYR,80,363,363,True
2011-2012,DEMO,RIDAGEYR,.,0,0,True
2011-2012,DEMO,RIDRETH1,1,1355,1355,True
2011-2012,DEMO,RIDRETH1,2,1076,1076,True
2011-2012,DEMO,RIDRETH1,3,2973,2973,True
2011-2012,DEMO,RIDRETH1,4,2683,2683,True
2011-2012,DEMO,RIDRETH1,5,1669,1669,True
2011-2012,DEMO,RIDRETH1,.,0,0,True
2011-2012,DEMO,DMDEDUC2,1,550,550,True
2011-2012,DEMO,DMDEDUC2,2,782,782,True
2011-2012,DEMO,DMDEDUC2,3,1169,1169,True
2011-2012,DEMO,DMDEDUC2,4,1657,1657,True
2011-2012,DEMO,DMDEDUC2,5,1397,1397,True
2011-2012,DEMO,DMDEDUC2,7,2,2,True
2011-2012,DEMO,DMDEDUC2,9,3,3,True
2011-2012,DEMO,DMDEDUC2,.,4196,4196,True
2011-2012,DEMO,WTINT2YR,3320.8855 to 220233.3152,9756,9756,True
2011-2012,DEMO,WTINT2YR,.,0,0,True
2011-2012,DEMO,WTMEC2YR,0 to 222579.78343,9756,9756,True
2011-2012,DEMO,WTMEC2YR,.,0,0,True
2011-2012,DEMO,SDMVPSU,1 to 3,9756,9756,True
2011-2012,DEMO,SDMVPSU,.,0,0,True
2011-2012,DEMO,SDMVSTRA,90 to 103,9756,9756,True
2011-2012,DEMO,SDMVSTRA,.,0,0,True
2011-2012,DEMO,INDFMPIR,0 to 4.99,7656,7656,True
2011-2012,DEMO,INDFMPIR,5,1260,1260,True
2011-2012,DEMO,INDFMPIR,.,840,840,True
2011-2012,MCQ,MCQ010,1,1448,1448,True
2011-2012,MCQ,MCQ010,2,7906,7906,True
2011-2012,MCQ,MCQ010,7,1,1,True
2011-2012,MCQ,MCQ010,9,8,8,True
2011-2012,MCQ,MCQ010,.,1,1,True
2011-2012,MCQ,MCQ035,1,882,882,True
2011-2012,MCQ,MCQ035,2,546,546,True
2011-2012,MCQ,MCQ035,7,0,0,True
2011-2012,MCQ,MCQ035,9,20,20,True
2011-2012,MCQ,MCQ035,.,7916,7916,True
2011-2012,MCQ,MCQ040,1,454,454,True
2011-2012,MCQ,MCQ040,2,426,426,True
2011-2012,MCQ,MCQ040,7,0,0,True
2011-2012,MCQ,MCQ040,9,2,2,True
2011-2012,MCQ,MCQ040,.,8482,8482,True
2011-2012,MCQ,MCQ050,1,187,187,True
2011-2012,MCQ,MCQ050,2,695,695,True
2011-2012,MCQ,MCQ050,7,0,0,True
2011-2012,MCQ,MCQ050,9,0,0,True
2011-2012,MCQ,MCQ050,.,8482,8482,True
2011-2012,MCQ,MCQ160A,1,1365,1365,True
2011-2012,MCQ,MCQ160A,2,4185,4185,True
2011-2012,MCQ,MCQ160A,7,1,1,True
2011-2012,MCQ,MCQ160A,9,7,7,True
2011-2012,MCQ,MCQ160A,.,3806,3806,True
2011-2012,MCQ,MCQ195,1,576,576,True
2011-2012,MCQ,MCQ195,2,249,249,True
2011-2012,MCQ,MCQ195,3,17,17,True
2011-2012,MCQ,MCQ195,4,104,104,True
2011-2012,MCQ,MCQ195,7,0,0,True
2011-2012,MCQ,MCQ195,9,419,419,True
2011-2012,MCQ,MCQ195,.,7999,7999,True
2011-2012,SMQ,SMQ020,1,2369,2369,True
2011-2012,SMQ,SMQ020,2,3184,3184,True
2011-2012,SMQ,SMQ020,7,2,2,True
2011-2012,SMQ,SMQ020,9,4,4,True
2011-2012,SMQ,SMQ020,.,1231,1231,True
2011-2012,SMQ,SMQ040,1,912,912,True
2011-2012,SMQ,SMQ040,2,196,196,True
2011-2012,SMQ,SMQ040,3,1259,1259,True
2011-2012,SMQ,SMQ040,7,2,2,True
2011-2012,SMQ,SMQ040,9,0,0,True
2011-2012,SMQ,SMQ040,.,4421,4421,True
2013-2014,DEMO,SDDSRVYR,8,10175,10175,True
2013-2014,DEMO,SDDSRVYR,.,0,0,True
2013-2014,DEMO,RIAGENDR,1,5003,5003,True
2013-2014,DEMO,RIAGENDR,2,5172,5172,True
2013-2014,DEMO,RIAGENDR,.,0,0,True
2013-2014,DEMO,RIDAGEYR,0 to 79,9823,9823,True
2013-2014,DEMO,RIDAGEYR,80,352,352,True
2013-2014,DEMO,RIDAGEYR,.,0,0,True
2013-2014,DEMO,RIDRETH1,1,1730,1730,True
2013-2014,DEMO,RIDRETH1,2,960,960,True
2013-2014,DEMO,RIDRETH1,3,3674,3674,True
2013-2014,DEMO,RIDRETH1,4,2267,2267,True
2013-2014,DEMO,RIDRETH1,5,1544,1544,True
2013-2014,DEMO,RIDRETH1,.,0,0,True
2013-2014,DEMO,DMDEDUC2,1,455,455,True
2013-2014,DEMO,DMDEDUC2,2,791,791,True
2013-2014,DEMO,DMDEDUC2,3,1303,1303,True
2013-2014,DEMO,DMDEDUC2,4,1770,1770,True
2013-2014,DEMO,DMDEDUC2,5,1443,1443,True
2013-2014,DEMO,DMDEDUC2,7,2,2,True
2013-2014,DEMO,DMDEDUC2,9,5,5,True
2013-2014,DEMO,DMDEDUC2,.,4406,4406,True
2013-2014,DEMO,WTINT2YR,3697.772098 to 167884.54371,10175,10175,True
2013-2014,DEMO,WTINT2YR,.,0,0,True
2013-2014,DEMO,WTMEC2YR,3748.417657 to 171395.2649,9813,9813,True
2013-2014,DEMO,WTMEC2YR,0,362,362,True
2013-2014,DEMO,WTMEC2YR,.,0,0,True
2013-2014,DEMO,SDMVPSU,1 to 2,10175,10175,True
2013-2014,DEMO,SDMVPSU,.,0,0,True
2013-2014,DEMO,SDMVSTRA,104 to 118,10175,10175,True
2013-2014,DEMO,SDMVSTRA,.,0,0,True
2013-2014,DEMO,INDFMPIR,0 to 4.99,7974,7974,True
2013-2014,DEMO,INDFMPIR,5,1416,1416,True
2013-2014,DEMO,INDFMPIR,.,785,785,True
2013-2014,MCQ,MCQ010,1,1538,1538,True
2013-2014,MCQ,MCQ010,2,8222,8222,True
2013-2014,MCQ,MCQ010,7,1,1,True
2013-2014,MCQ,MCQ010,9,8,8,True
2013-2014,MCQ,MCQ010,.,1,1,True
2013-2014,MCQ,MCQ035,1,939,939,True
2013-2014,MCQ,MCQ035,2,582,582,True
2013-2014,MCQ,MCQ035,7,0,0,True
2013-2014,MCQ,MCQ035,9,17,17,True
2013-2014,MCQ,MCQ035,.,8232,8232,True
2013-2014,MCQ,MCQ040,1,464,464,True
2013-2014,MCQ,MCQ040,2,473,473,True
2013-2014,MCQ,MCQ040,7,0,0,True
2013-2014,MCQ,MCQ040,9,2,2,True
2013-2014,MCQ,MCQ040,.,8831,8831,True
2013-2014,MCQ,MCQ050,1,193,193,True
2013-2014,MCQ,MCQ050,2,745,745,True
2013-2014,MCQ,MCQ050,7,0,0,True
2013-2014,MCQ,MCQ050,9,1,1,True
2013-2014,MCQ,MCQ050,.,8831,8831,True
2013-2014,MCQ,MCQ160A,1,1508,1508,True
2013-2014,MCQ,MCQ160A,2,4248,4248,True
2013-2014,MCQ,MCQ160A,7,0,0,True
2013-2014,MCQ,MCQ160A,9,13,13,True
2013-2014,MCQ,MCQ160A,.,4001,4001,True
2013-2014,MCQ,MCQ195,1,694,694,True
2013-2014,MCQ,MCQ195,2,254,254,True
2013-2014,MCQ,MCQ195,3,21,21,True
2013-2014,MCQ,MCQ195,4,138,138,True
2013-2014,MCQ,MCQ195,7,1,1,True
2013-2014,MCQ,MCQ195,9,400,400,True
2013-2014,MCQ,MCQ195,.,8262,8262,True
2013-2014,SMQ,SMQ020,1,2579,2579,True
2013-2014,SMQ,SMQ020,2,3532,3532,True
2013-2014,SMQ,SMQ020,7,0,0,True
2013-2014,SMQ,SMQ020,9,2,2,True
2013-2014,SMQ,SMQ020,.,1055,1055,True
2013-2014,SMQ,SMQ040,1,992,992,True
2013-2014,SMQ,SMQ040,2,240,240,True
2013-2014,SMQ,SMQ040,3,1347,1347,True
2013-2014,SMQ,SMQ040,7,0,0,True
2013-2014,SMQ,SMQ040,9,0,0,True
2013-2014,SMQ,SMQ040,.,4589,4589,True
2015-2016,DEMO,SDDSRVYR,9,9971,9971,True
2015-2016,DEMO,SDDSRVYR,.,0,0,True
2015-2016,DEMO,RIAGENDR,1,4892,4892,True
2015-2016,DEMO,RIAGENDR,2,5079,5079,True
2015-2016,DEMO,RIAGENDR,.,0,0,True
2015-2016,DEMO,RIDAGEYR,0 to 79,9595,9595,True
2015-2016,DEMO,RIDAGEYR,80,376,376,True
2015-2016,DEMO,RIDAGEYR,.,0,0,True
2015-2016,DEMO,RIDRETH1,1,1921,1921,True
2015-2016,DEMO,RIDRETH1,2,1308,1308,True
2015-2016,DEMO,RIDRETH1,3,3066,3066,True
2015-2016,DEMO,RIDRETH1,4,2129,2129,True
2015-2016,DEMO,RIDRETH1,5,1547,1547,True
2015-2016,DEMO,RIDRETH1,.,0,0,True
2015-2016,DEMO,DMDEDUC2,1,688,688,True
2015-2016,DEMO,DMDEDUC2,2,676,676,True
2015-2016,DEMO,DMDEDUC2,3,1236,1236,True
2015-2016,DEMO,DMDEDUC2,4,1692,1692,True
2015-2016,DEMO,DMDEDUC2,5,1422,1422,True
2015-2016,DEMO,DMDEDUC2,7,0,0,True
2015-2016,DEMO,DMDEDUC2,9,5,5,True
2015-2016,DEMO,DMDEDUC2,.,4252,4252,True
2015-2016,DEMO,WTINT2YR,3293.928267 to 233755.84185,9971,9971,True
2015-2016,DEMO,WTINT2YR,.,0,0,True
2015-2016,DEMO,WTMEC2YR,3419.259085 to 242386.66077,9544,9544,True
2015-2016,DEMO,WTMEC2YR,0,427,427,True
2015-2016,DEMO,WTMEC2YR,.,0,0,True
2015-2016,DEMO,SDMVPSU,1 to 2,9971,9971,True
2015-2016,DEMO,SDMVPSU,.,0,0,True
2015-2016,DEMO,SDMVSTRA,119 to 133,9971,9971,True
2015-2016,DEMO,SDMVSTRA,.,0,0,True
2015-2016,DEMO,INDFMPIR,0 to 4.99,7699,7699,True
2015-2016,DEMO,INDFMPIR,5,1220,1220,True
2015-2016,DEMO,INDFMPIR,.,1052,1052,True
2015-2016,MCQ,MCQ010,1,1443,1443,True
2015-2016,MCQ,MCQ010,2,8121,8121,True
2015-2016,MCQ,MCQ010,7,1,1,True
2015-2016,MCQ,MCQ010,9,10,10,True
2015-2016,MCQ,MCQ010,.,0,0,True
2015-2016,MCQ,MCQ035,1,877,877,True
2015-2016,MCQ,MCQ035,2,546,546,True
2015-2016,MCQ,MCQ035,7,0,0,True
2015-2016,MCQ,MCQ035,9,20,20,True
2015-2016,MCQ,MCQ035,.,8132,8132,True
2015-2016,MCQ,MCQ040,1,422,422,True
2015-2016,MCQ,MCQ040,2,454,454,True
2015-2016,MCQ,MCQ040,7,0,0,True
2015-2016,MCQ,MCQ040,9,1,1,True
2015-2016,MCQ,MCQ040,.,8698,8698,True
2015-2016,MCQ,MCQ050,1,170,170,True
2015-2016,MCQ,MCQ050,2,707,707,True
2015-2016,MCQ,MCQ050,7,0,0,True
2015-2016,MCQ,MCQ050,9,0,0,True
2015-2016,MCQ,MCQ050,.,8698,8698,True
2015-2016,MCQ,MCQ160A,1,1470,1470,True
2015-2016,MCQ,MCQ160A,2,4238,4238,True
2015-2016,MCQ,MCQ160A,7,0,0,True
2015-2016,MCQ,MCQ160A,9,11,11,True
2015-2016,MCQ,MCQ160A,.,3856,3856,True
2015-2016,MCQ,MCQ195,1,616,616,True
2015-2016,MCQ,MCQ195,2,292,292,True
2015-2016,MCQ,MCQ195,3,18,18,True
2015-2016,MCQ,MCQ195,4,142,142,True
2015-2016,MCQ,MCQ195,7,0,0,True
2015-2016,MCQ,MCQ195,9,402,402,True
2015-2016,MCQ,MCQ195,.,8105,8105,True
2015-2016,SMQ,SMQ020,1,2422,2422,True
2015-2016,SMQ,SMQ020,2,3559,3559,True
2015-2016,SMQ,SMQ020,7,2,2,True
2015-2016,SMQ,SMQ020,9,9,9,True
2015-2016,SMQ,SMQ020,.,1009,1009,True
2015-2016,SMQ,SMQ040,1,832,832,True
2015-2016,SMQ,SMQ040,2,268,268,True
2015-2016,SMQ,SMQ040,3,1322,1322,True
2015-2016,SMQ,SMQ040,7,0,0,True
2015-2016,SMQ,SMQ040,9,0,0,True
2015-2016,SMQ,SMQ040,.,4579,4579,True
2017-2018,DEMO,SDDSRVYR,10,9254,9254,True
2017-2018,DEMO,SDDSRVYR,.,0,0,True
2017-2018,DEMO,RIAGENDR,1,4557,4557,True
2017-2018,DEMO,RIAGENDR,2,4697,4697,True
2017-2018,DEMO,RIAGENDR,.,0,0,True
2017-2018,DEMO,RIDAGEYR,0 to 79,8827,8827,True
2017-2018,DEMO,RIDAGEYR,80,427,427,True
2017-2018,DEMO,RIDAGEYR,.,0,0,True
2017-2018,DEMO,RIDRETH1,1,1367,1367,True
2017-2018,DEMO,RIDRETH1,2,820,820,True
2017-2018,DEMO,RIDRETH1,3,3150,3150,True
2017-2018,DEMO,RIDRETH1,4,2115,2115,True
2017-2018,DEMO,RIDRETH1,5,1802,1802,True
2017-2018,DEMO,RIDRETH1,.,0,0,True
2017-2018,DEMO,DMDEDUC2,1,479,479,True
2017-2018,DEMO,DMDEDUC2,2,638,638,True
2017-2018,DEMO,DMDEDUC2,3,1325,1325,True
2017-2018,DEMO,DMDEDUC2,4,1778,1778,True
2017-2018,DEMO,DMDEDUC2,5,1336,1336,True
2017-2018,DEMO,DMDEDUC2,7,2,2,True
2017-2018,DEMO,DMDEDUC2,9,11,11,True
2017-2018,DEMO,DMDEDUC2,.,3685,3685,True
2017-2018,DEMO,WTINT2YR,2571.0687123 to 433085.00526,9254,9254,True
2017-2018,DEMO,WTINT2YR,.,0,0,True
2017-2018,DEMO,WTMEC2YR,2566.1838545 to 419762.83649,8704,8704,True
2017-2018,DEMO,WTMEC2YR,0,550,550,True
2017-2018,DEMO,WTMEC2YR,.,0,0,True
2017-2018,DEMO,SDMVPSU,1 to 2,9254,9254,True
2017-2018,DEMO,SDMVPSU,.,0,0,True
2017-2018,DEMO,SDMVSTRA,134 to 148,9254,9254,True
2017-2018,DEMO,SDMVSTRA,.,0,0,True
2017-2018,DEMO,INDFMPIR,0 to 4.98,6815,6815,True
2017-2018,DEMO,INDFMPIR,5,1208,1208,True
2017-2018,DEMO,INDFMPIR,.,1231,1231,True
2017-2018,MCQ,MCQ010,1,1325,1325,True
2017-2018,MCQ,MCQ010,2,7563,7563,True
2017-2018,MCQ,MCQ010,7,0,0,True
2017-2018,MCQ,MCQ010,9,9,9,True
2017-2018,MCQ,MCQ010,.,0,0,True
2017-2018,MCQ,MCQ035,1,825,825,True
2017-2018,MCQ,MCQ035,2,471,471,True
2017-2018,MCQ,MCQ035,7,1,1,True
2017-2018,MCQ,MCQ035,9,28,28,True
2017-2018,MCQ,MCQ035,.,7572,7572,True
2017-2018,MCQ,MCQ040,1,359,359,True
2017-2018,MCQ,MCQ040,2,463,463,True
2017-2018,MCQ,MCQ040,7,1,1,True
2017-2018,MCQ,MCQ040,9,2,2,True
2017-2018,MCQ,MCQ040,.,8072,8072,True
2017-2018,MCQ,MCQ050,1,167,167,True
2017-2018,MCQ,MCQ050,2,658,658,True
2017-2018,MCQ,MCQ050,7,0,0,True
2017-2018,MCQ,MCQ050,9,0,0,True
2017-2018,MCQ,MCQ050,.,8072,8072,True
2017-2018,MCQ,MCQ160A,1,1695,1695,True
2017-2018,MCQ,MCQ160A,2,3857,3857,True
2017-2018,MCQ,MCQ160A,7,0,0,True
2017-2018,MCQ,MCQ160A,9,17,17,True
2017-2018,MCQ,MCQ160A,.,3328,3328,True
2017-2018,MCQ,MCQ195,1,711,711,True
2017-2018,MCQ,MCQ195,2,337,337,True
2017-2018,MCQ,MCQ195,3,26,26,True
2017-2018,MCQ,MCQ195,4,175,175,True
2017-2018,MCQ,MCQ195,7,3,3,True
2017-2018,MCQ,MCQ195,9,443,443,True
2017-2018,MCQ,MCQ195,.,7202,7202,True
2017-2018,SMQ,SMQ020,1,2359,2359,True
2017-2018,SMQ,SMQ020,2,3497,3497,True
2017-2018,SMQ,SMQ020,7,0,0,True
2017-2018,SMQ,SMQ020,9,0,0,True
2017-2018,SMQ,SMQ020,.,868,868,True
2017-2018,SMQ,SMQ040,1,805,805,True
2017-2018,SMQ,SMQ040,2,216,216,True
2017-2018,SMQ,SMQ040,3,1338,1338,True
2017-2018,SMQ,SMQ040,7,0,0,True
2017-2018,SMQ,SMQ040,9,0,0,True
2017-2018,SMQ,SMQ040,.,4365,4365,True
