"year","SDMVSTRA","psu","n"
1999,1,3,983
1999,2,2,650
1999,3,2,759
1999,4,2,812
1999,5,2,700
1999,6,2,689
1999,7,2,798
1999,8,2,685
1999,9,2,644
1999,10,2,574
1999,11,2,683
1999,12,2,763
1999,13,2,542
2001,14,2,657
2001,15,2,738
2001,16,2,742
2001,17,2,771
2001,18,2,624
2001,19,2,789
2001,20,2,724
2001,21,2,636
2001,22,2,686
2001,23,2,771
2001,24,2,680
2001,25,2,643
2001,26,2,753
2001,27,2,693
2001,28,2,570
2003,29,2,569
2003,30,2,774
2003,31,2,638
2003,32,2,559
2003,33,2,658
2003,34,2,858
2003,35,2,577
2003,36,2,620
2003,37,2,604
2003,38,2,666
2003,39,2,613
2003,40,2,644
2003,41,2,619
2003,42,2,746
2003,43,2,498
2005,44,2,739
2005,45,2,616
2005,46,2,748
2005,47,2,613
2005,48,2,605
2005,49,2,907
2005,50,2,641
2005,51,2,606
2005,52,2,640
2005,53,2,584
2005,54,2,670
2005,55,2,651
2005,56,2,739
2005,57,2,664
2005,58,2,527
2007,59,2,686
2007,60,2,727
2007,61,2,836
2007,62,2,755
2007,63,2,662
2007,64,2,671
2007,65,2,693
2007,66,2,693
2007,67,2,782
2007,68,2,677
2007,69,2,508
2007,70,2,522
2007,71,2,528
2007,72,2,526
2007,73,2,251
2007,74,2,245
2009,75,2,779
2009,76,2,764
2009,77,2,807
2009,78,2,805
2009,79,2,684
2009,80,2,739
2009,81,2,681
2009,82,2,709
2009,83,2,697
2009,84,2,654
2009,85,2,581
2009,86,3,922
2009,87,2,572
2009,88,2,614
2009,89,2,245
2011,90,3,811
2011,91,3,946
2011,92,3,843
2011,93,2,569
2011,94,2,663
2011,95,2,696
2011,96,2,649
2011,97,2,586
2011,98,2,684
2011,99,2,651
2011,100,2,664
2011,101,2,691
2011,102,2,603
2011,103,2,282
2013,104,2,624
2013,105,2,628
2013,106,2,639
2013,107,2,718
2013,108,2,651
2013,109,2,727
2013,110,2,624
2013,111,2,640
2013,112,2,710
2013,113,2,641
2013,114,2,726
2013,115,2,665
2013,116,2,679
2013,117,2,478
2013,118,2,663
2015,119,2,426
2015,120,2,666
2015,121,2,663
2015,122,2,608
2015,123,2,589
2015,124,2,537
2015,125,2,646
2015,126,2,692
2015,127,2,637
2015,128,2,652
2015,129,2,660
2015,130,2,734
2015,131,2,782
2015,132,2,751
2015,133,2,501
2017,149,2,621
2017,150,2,595
2017,151,2,711
2017,152,2,618
2017,153,2,470
2017,154,2,480
2017,155,2,601
2017,156,3,878
2017,157,2,612
2017,158,2,699
2017,159,2,663
2017,160,2,305
2017,161,2,653
2017,162,2,523
2017,163,2,566
2017,164,2,660
2017,165,2,580
2017,166,2,511
2017,167,2,562
2017,168,2,611
2017,169,2,569
2017,170,2,665
2017,171,2,594
2017,172,2,553
2021,173,2,639
2021,174,2,592
2021,175,2,638
2021,176,2,539
2021,177,2,646
2021,178,2,613
2021,179,2,642
2021,180,2,617
2021,181,2,576
2021,182,2,579
2021,183,2,505
2021,184,2,682
2021,185,2,562
2021,186,2,498
2021,187,2,532
