"domain","n","strata","psu","df","strata_with_one_domain_psu","weight_sum","min_weight","max_weight"
"M0",40690,172,350,178,0,153248414.74953,119.766962586207,50697.3438591724
"M1",40690,172,350,178,0,153248414.74953,119.766962586207,50697.3438591724
"M2",40690,172,350,178,0,153248414.74953,119.766962586207,50697.3438591724
"M3",40690,172,350,178,0,153248414.74953,119.766962586207,50697.3438591724
"agegroup_20_39",17603,172,350,178,0,70817089.0285208,119.766962586207,50697.3438591724
"agegroup_40_59",13934,172,350,178,0,58641156.7967928,414.278397793103,37086.6993318621
"agegroup_60_79",9153,172,350,178,0,23790168.9242155,151.773311896552,36657.6636376552
"sex_Male",20192,172,350,178,0,77536109.5049956,151.773311896552,50697.3438591724
"sex_Female",20498,172,350,178,0,75712305.2445335,119.766962586207,37086.6993318621
"interaction_agegroup",40690,172,350,178,0,153248414.74953,119.766962586207,50697.3438591724
"interaction_sex",40690,172,350,178,0,153248414.74953,119.766962586207,50697.3438591724
