year,module,required_fields,all_fields_present,age20_79_supported
1999,DEMO,10,True,True
1999,MCQ,4,True,True
1999,SMQ,3,True,True
1999,BMX,2,True,True
2001,DEMO,10,True,True
2001,MCQ,4,True,True
2001,SMQ,3,True,True
2001,BMX,2,True,True
2003,DEMO,10,True,True
2003,MCQ,4,True,True
2003,SMQ,3,True,True
2003,BMX,2,True,True
2005,DEMO,10,True,True
2005,MCQ,4,True,True
2005,SMQ,3,True,True
2005,BMX,2,True,True
2007,DEMO,10,True,True
2007,MCQ,4,True,True
2007,SMQ,3,True,True
2007,BMX,2,True,True
2009,DEMO,10,True,True
2009,MCQ,4,True,True
2009,SMQ,3,True,True
2009,BMX,2,True,True
2011,DEMO,10,True,True
2011,MCQ,4,True,True
2011,SMQ,3,True,True
2011,BMX,2,True,True
2013,DEMO,10,True,True
2013,MCQ,4,True,True
2013,SMQ,3,True,True
2013,BMX,2,True,True
2015,DEMO,10,True,True
2015,MCQ,4,True,True
2015,SMQ,3,True,True
2015,BMX,2,True,True
2017,DEMO,10,True,True
2017,MCQ,4,True,True
2017,SMQ,3,True,True
2017,BMX,2,True,True
2021,DEMO,10,True,True
2021,MCQ,4,True,True
2021,SMQ,3,True,True
2021,BMX,2,True,True
