"year","module","demo_n","module_n","matched","unmatched_demo","orphan_module","duplicate_ids"
1999,"MCQ",9965,9493,9493,472,0,0
1999,"SMQ",9965,4880,4880,5085,0,0
1999,"BMX",9965,9282,9282,683,0,0
2001,"MCQ",11039,10470,10470,569,0,0
2001,"SMQ",11039,5411,5411,5628,0,0
2001,"BMX",11039,10477,10477,562,0,0
2003,"MCQ",10122,9645,9645,477,0,0
2003,"SMQ",10122,5041,5041,5081,0,0
2003,"BMX",10122,9643,9643,479,0,0
2005,"MCQ",10348,9822,9822,526,0,0
2005,"SMQ",10348,7186,7186,3162,0,0
2005,"BMX",10348,9950,9950,398,0,0
2007,"MCQ",10149,9666,9666,483,0,0
2007,"SMQ",10149,7145,7145,3004,0,0
2007,"BMX",10149,9762,9762,387,0,0
2009,"MCQ",10537,10109,10109,428,0,0
2009,"SMQ",10537,7528,7528,3009,0,0
2009,"BMX",10537,10253,10253,284,0,0
2011,"MCQ",9756,9364,9364,392,0,0
2011,"SMQ",9756,6790,6790,2966,0,0
2011,"BMX",9756,9338,9338,418,0,0
2013,"MCQ",10175,9770,9770,405,0,0
2013,"SMQ",10175,7168,7168,3007,0,0
2013,"BMX",10175,9813,9813,362,0,0
2015,"MCQ",9971,9575,9575,396,0,0
2015,"SMQ",9971,7001,7001,2970,0,0
2015,"BMX",9971,9544,9544,427,0,0
2017,"MCQ",15560,14986,14986,574,0,0
2017,"SMQ",15560,11137,11137,4423,0,0
2017,"BMX",15560,14300,14300,1260,0,0
2021,"MCQ",11933,11744,11744,189,0,0
2021,"SMQ",11933,9015,9015,2918,0,0
2021,"BMX",11933,8860,8860,3073,0,0
