year,module,file,url,final_url,path,bytes,sha256,retrieved_utc,fresh
1999,DEMO,DEMO.htm,https://wwwn.cdc.gov/Nchs/Data/Nhanes/Public/1999/DataFiles/DEMO.htm,https://wwwn.cdc.gov/Nchs/Data/Nhanes/Public/1999/DataFiles/DEMO.htm?run=extension_20261008_v1&attempt=0,/Volumes/Elements/NHANES_asthma_ra_extension_20261008_fresh_v1/metadata/1999/DEMO.htm,339632,3757ef13473397ba968273ee4e7d449c3e2dfa0adb45a0faabddd438ff3e23f9,2026-10-08T09:22:10.439224+00:00,True
1999,MCQ,MCQ.htm,https://wwwn.cdc.gov/Nchs/Data/Nhanes/Public/1999/DataFiles/MCQ.htm,https://wwwn.cdc.gov/Nchs/Data/Nhanes/Public/1999/DataFiles/MCQ.htm?run=extension_20261008_v1&attempt=0,/Volumes/Elements/NHANES_asthma_ra_extension_20261008_fresh_v1/metadata/1999/MCQ.htm,477063,f9c9db1560e655f9a69a82b32302e4187284f4a075e321b8f74d2a24b15f3f88,2026-10-08T09:22:10.419079+00:00,True
1999,SMQ,SMQ.htm,https://wwwn.cdc.gov/Nchs/Data/Nhanes/Public/1999/DataFiles/SMQ.htm,https://wwwn.cdc.gov/Nchs/Data/Nhanes/Public/1999/DataFiles/SMQ.htm?run=extension_20261008_v1&attempt=0,/Volumes/Elements/NHANES_asthma_ra_extension_20261008_fresh_v1/metadata/1999/SMQ.htm,108979,96614081aea9559c8c7032857409acf4634b0901138b2433adeb941e35b3c62b,2026-10-08T09:22:09.873561+00:00,True
1999,BMX,BMX.htm,https://wwwn.cdc.gov/Nchs/Data/Nhanes/Public/1999/DataFiles/BMX.htm,https://wwwn.cdc.gov/Nchs/Data/Nhanes/Public/1999/DataFiles/BMX.htm?run=extension_20261008_v1&attempt=0,/Volumes/Elements/NHANES_asthma_ra_extension_20261008_fresh_v1/metadata/1999/BMX.htm,89585,79604a8a8861e2983e289742bb1684eb4fe3e86940710353dfceb7b2adb5216a,2026-10-08T09:22:13.028547+00:00,True
2001,DEMO,DEMO_B.htm,https://wwwn.cdc.gov/Nchs/Data/Nhanes/Public/2001/DataFiles/DEMO_B.htm,https://wwwn.cdc.gov/Nchs/Data/Nhanes/Public/2001/DataFiles/DEMO_B.htm?run=extension_20261008_v1&attempt=0,/Volumes/Elements/NHANES_asthma_ra_extension_20261008_fresh_v1/metadata/2001/DEMO_B.htm,135103,a2e47fd9692f9e62a4823f746bbdb60b67a67b60946ded4f7f30102ebcf20825,2026-10-08T09:22:12.742405+00:00,True
2001,MCQ,MCQ_B.htm,https://wwwn.cdc.gov/Nchs/Data/Nhanes/Public/2001/DataFiles/MCQ_B.htm,https://wwwn.cdc.gov/Nchs/Data/Nhanes/Public/2001/DataFiles/MCQ_B.htm?run=extension_20261008_v1&attempt=0,/Volumes/Elements/NHANES_asthma_ra_extension_20261008_fresh_v1/metadata/2001/MCQ_B.htm,435055,35e05a2ce2b341be3a332fbc2a3ec8ea6e73757453f15547bc14abbd3df48ac4,2026-10-08T09:22:13.180638+00:00,True
2001,SMQ,SMQ_B.htm,https://wwwn.cdc.gov/Nchs/Data/Nhanes/Public/2001/DataFiles/SMQ_B.htm,https://wwwn.cdc.gov/Nchs/Data/Nhanes/Public/2001/DataFiles/SMQ_B.htm?run=extension_20261008_v1&attempt=0,/Volumes/Elements/NHANES_asthma_ra_extension_20261008_fresh_v1/metadata/2001/SMQ_B.htm,119367,219371228b35313f07756232588802d746d28589fdaf3e98d2c41e4d7b0a82de,2026-10-08T09:22:14.578643+00:00,True
2001,BMX,BMX_B.htm,https://wwwn.cdc.gov/Nchs/Data/Nhanes/Public/2001/DataFiles/BMX_B.htm,https://wwwn.cdc.gov/Nchs/Data/Nhanes/Public/2001/DataFiles/BMX_B.htm?run=extension_20261008_v1&attempt=0,/Volumes/Elements/NHANES_asthma_ra_extension_20261008_fresh_v1/metadata/2001/BMX_B.htm,60511,af1ca388a17c0c4af5b688e640e07c854e1d4db52c4d5613371fbc8384ffb0fe,2026-10-08T09:22:14.928818+00:00,True
2003,DEMO,DEMO_C.htm,https://wwwn.cdc.gov/Nchs/Data/Nhanes/Public/2003/DataFiles/DEMO_C.htm,https://wwwn.cdc.gov/Nchs/Data/Nhanes/Public/2003/DataFiles/DEMO_C.htm?run=extension_20261008_v1&attempt=0,/Volumes/Elements/NHANES_asthma_ra_extension_20261008_fresh_v1/metadata/2003/DEMO_C.htm,149547,d4193186dc2c10290c9b191acd4871a92c56250b8087b4becb50736383c417c3,2026-10-08T09:22:14.835668+00:00,True
2003,MCQ,MCQ_C.htm,https://wwwn.cdc.gov/Nchs/Data/Nhanes/Public/2003/DataFiles/MCQ_C.htm,https://wwwn.cdc.gov/Nchs/Data/Nhanes/Public/2003/DataFiles/MCQ_C.htm?run=extension_20261008_v1&attempt=0,/Volumes/Elements/NHANES_asthma_ra_extension_20261008_fresh_v1/metadata/2003/MCQ_C.htm,446927,8b41c62e2887bc4755b3a0190d6d24b40353701305cf95f5e99a9ef76500a438,2026-10-08T09:22:17.102051+00:00,True
2003,SMQ,SMQ_C.htm,https://wwwn.cdc.gov/Nchs/Data/Nhanes/Public/2003/DataFiles/SMQ_C.htm,https://wwwn.cdc.gov/Nchs/Data/Nhanes/Public/2003/DataFiles/SMQ_C.htm?run=extension_20261008_v1&attempt=0,/Volumes/Elements/NHANES_asthma_ra_extension_20261008_fresh_v1/metadata/2003/SMQ_C.htm,132128,a6ff04d14f187608814d723d973fa9e91774b5795ede5b3ccb0c680df3b908c9,2026-10-08T09:22:16.519839+00:00,True
2003,BMX,BMX_C.htm,https://wwwn.cdc.gov/Nchs/Data/Nhanes/Public/2003/DataFiles/BMX_C.htm,https://wwwn.cdc.gov/Nchs/Data/Nhanes/Public/2003/DataFiles/BMX_C.htm?run=extension_20261008_v1&attempt=0,/Volumes/Elements/NHANES_asthma_ra_extension_20261008_fresh_v1/metadata/2003/BMX_C.htm,75967,58faf9ba120a9b497cd42158244e2ada397a15c2f743a4512c056684dfdfd55a,2026-10-08T09:22:16.407548+00:00,True
2005,DEMO,DEMO_D.htm,https://wwwn.cdc.gov/Nchs/Data/Nhanes/Public/2005/DataFiles/DEMO_D.htm,https://wwwn.cdc.gov/Nchs/Data/Nhanes/Public/2005/DataFiles/DEMO_D.htm?run=extension_20261008_v1&attempt=0,/Volumes/Elements/NHANES_asthma_ra_extension_20261008_fresh_v1/metadata/2005/DEMO_D.htm,147978,0aec18aba7676aa3ade3d925763c6852e9e2d85c6dadc90bdbe062723d5c60ee,2026-10-08T09:22:21.303486+00:00,True
2005,MCQ,MCQ_D.htm,https://wwwn.cdc.gov/Nchs/Data/Nhanes/Public/2005/DataFiles/MCQ_D.htm,https://wwwn.cdc.gov/Nchs/Data/Nhanes/Public/2005/DataFiles/MCQ_D.htm?run=extension_20261008_v1&attempt=0,/Volumes/Elements/NHANES_asthma_ra_extension_20261008_fresh_v1/metadata/2005/MCQ_D.htm,306006,836faf452709e2c1bd45971855ba725ea61554492734e6d2b120739e426a69aa,2026-10-08T09:22:18.461652+00:00,True
2005,SMQ,SMQ_D.htm,https://wwwn.cdc.gov/Nchs/Data/Nhanes/Public/2005/DataFiles/SMQ_D.htm,https://wwwn.cdc.gov/Nchs/Data/Nhanes/Public/2005/DataFiles/SMQ_D.htm?run=extension_20261008_v1&attempt=0,/Volumes/Elements/NHANES_asthma_ra_extension_20261008_fresh_v1/metadata/2005/SMQ_D.htm,132447,6c52897b0ef1d30356c13abbb902c6bb670b41ff24dc1cd61212b2331fb503df,2026-10-08T09:22:19.317516+00:00,True
2005,BMX,BMX_D.htm,https://wwwn.cdc.gov/Nchs/Data/Nhanes/Public/2005/DataFiles/BMX_D.htm,https://wwwn.cdc.gov/Nchs/Data/Nhanes/Public/2005/DataFiles/BMX_D.htm?run=extension_20261008_v1&attempt=0,/Volumes/Elements/NHANES_asthma_ra_extension_20261008_fresh_v1/metadata/2005/BMX_D.htm,64972,ebfb8db78397d2388cffac16eae368f6f36fa159fce54f74d6ebdd0b8dce07ac,2026-10-08T09:22:19.811382+00:00,True
2007,DEMO,DEMO_E.htm,https://wwwn.cdc.gov/Nchs/Data/Nhanes/Public/2007/DataFiles/DEMO_E.htm,https://wwwn.cdc.gov/Nchs/Data/Nhanes/Public/2007/DataFiles/DEMO_E.htm?run=extension_20261008_v1&attempt=0,/Volumes/Elements/NHANES_asthma_ra_extension_20261008_fresh_v1/metadata/2007/DEMO_E.htm,158272,0bb161439f6a387f44f2afb642451193190d76a92ad6de6c7ae83668d4647a64,2026-10-08T09:22:23.630014+00:00,True
2007,MCQ,MCQ_E.htm,https://wwwn.cdc.gov/Nchs/Data/Nhanes/Public/2007/DataFiles/MCQ_E.htm,https://wwwn.cdc.gov/Nchs/Data/Nhanes/Public/2007/DataFiles/MCQ_E.htm?run=extension_20261008_v1&attempt=0,/Volumes/Elements/NHANES_asthma_ra_extension_20261008_fresh_v1/metadata/2007/MCQ_E.htm,310511,8c0af205fd6aba9072f7b4ee922acc17f62bc00ce09e40eaecf3d9d2659b17e3,2026-10-08T09:22:21.930800+00:00,True
2007,SMQ,SMQ_E.htm,https://wwwn.cdc.gov/Nchs/Data/Nhanes/Public/2007/DataFiles/SMQ_E.htm,https://wwwn.cdc.gov/Nchs/Data/Nhanes/Public/2007/DataFiles/SMQ_E.htm?run=extension_20261008_v1&attempt=0,/Volumes/Elements/NHANES_asthma_ra_extension_20261008_fresh_v1/metadata/2007/SMQ_E.htm,127984,f095edd45bce6a064dd1089621f2e9d85616cea96c47c40e20bb15b79cd6c7a3,2026-10-08T09:22:23.013670+00:00,True
2007,BMX,BMX_E.htm,https://wwwn.cdc.gov/Nchs/Data/Nhanes/Public/2007/DataFiles/BMX_E.htm,https://wwwn.cdc.gov/Nchs/Data/Nhanes/Public/2007/DataFiles/BMX_E.htm?run=extension_20261008_v1&attempt=0,/Volumes/Elements/NHANES_asthma_ra_extension_20261008_fresh_v1/metadata/2007/BMX_E.htm,57501,1d88ad54fba374865c585042a7b0acc0d563a1cba14f3a84afd857d95db722fe,2026-10-08T09:22:23.327144+00:00,True
2009,DEMO,DEMO_F.htm,https://wwwn.cdc.gov/Nchs/Data/Nhanes/Public/2009/DataFiles/DEMO_F.htm,https://wwwn.cdc.gov/Nchs/Data/Nhanes/Public/2009/DataFiles/DEMO_F.htm?run=extension_20261008_v1&attempt=0,/Volumes/Elements/NHANES_asthma_ra_extension_20261008_fresh_v1/metadata/2009/DEMO_F.htm,154401,c3a26469d6f9f53bedf47f9313eba66fead267a6777e5aab43cf4184ec7b2564,2026-10-08T09:22:24.943997+00:00,True
2009,MCQ,MCQ_F.htm,https://wwwn.cdc.gov/Nchs/Data/Nhanes/Public/2009/DataFiles/MCQ_F.htm,https://wwwn.cdc.gov/Nchs/Data/Nhanes/Public/2009/DataFiles/MCQ_F.htm?run=extension_20261008_v1&attempt=0,/Volumes/Elements/NHANES_asthma_ra_extension_20261008_fresh_v1/metadata/2009/MCQ_F.htm,282133,735e0654d7e0e47208a026272ad8025148abeb9fc47e53c32677034019096701,2026-10-08T09:22:25.647986+00:00,True
2009,SMQ,SMQ_F.htm,https://wwwn.cdc.gov/Nchs/Data/Nhanes/Public/2009/DataFiles/SMQ_F.htm,https://wwwn.cdc.gov/Nchs/Data/Nhanes/Public/2009/DataFiles/SMQ_F.htm?run=extension_20261008_v1&attempt=0,/Volumes/Elements/NHANES_asthma_ra_extension_20261008_fresh_v1/metadata/2009/SMQ_F.htm,130767,86f11ba807abcf898140b11396cafbbc0b95a865ef4a59a66c6a05091f8ab850,2026-10-08T09:22:25.131638+00:00,True
2009,BMX,BMX_F.htm,https://wwwn.cdc.gov/Nchs/Data/Nhanes/Public/2009/DataFiles/BMX_F.htm,https://wwwn.cdc.gov/Nchs/Data/Nhanes/Public/2009/DataFiles/BMX_F.htm?run=extension_20261008_v1&attempt=0,/Volumes/Elements/NHANES_asthma_ra_extension_20261008_fresh_v1/metadata/2009/BMX_F.htm,57661,ce1c8a68ae99874e3df5af7f983f370a3d0b97d6826a44ae4bc9a09c171c09cb,2026-10-08T09:22:26.511090+00:00,True
2011,DEMO,DEMO_G.htm,https://wwwn.cdc.gov/Nchs/Data/Nhanes/Public/2011/DataFiles/DEMO_G.htm,https://wwwn.cdc.gov/Nchs/Data/Nhanes/Public/2011/DataFiles/DEMO_G.htm?run=extension_20261008_v1&attempt=0,/Volumes/Elements/NHANES_asthma_ra_extension_20261008_fresh_v1/metadata/2011/DEMO_G.htm,167583,5a8b2bc790f2a70705f035c398a76f7a8bbb5ec92323929cbbf04eb0428f59d7,2026-10-08T09:22:26.728623+00:00,True
2011,MCQ,MCQ_G.htm,https://wwwn.cdc.gov/Nchs/Data/Nhanes/Public/2011/DataFiles/MCQ_G.htm,https://wwwn.cdc.gov/Nchs/Data/Nhanes/Public/2011/DataFiles/MCQ_G.htm?run=extension_20261008_v1&attempt=0,/Volumes/Elements/NHANES_asthma_ra_extension_20261008_fresh_v1/metadata/2011/MCQ_G.htm,318697,f64eff0b2d74e2b3efd8857302fea12360efe85e3af98dcc75d008007717a80d,2026-10-08T09:22:27.584347+00:00,True
2011,SMQ,SMQ_G.htm,https://wwwn.cdc.gov/Nchs/Data/Nhanes/Public/2011/DataFiles/SMQ_G.htm,https://wwwn.cdc.gov/Nchs/Data/Nhanes/Public/2011/DataFiles/SMQ_G.htm?run=extension_20261008_v1&attempt=0,/Volumes/Elements/NHANES_asthma_ra_extension_20261008_fresh_v1/metadata/2011/SMQ_G.htm,111532,3529807a09e023bc374eaa52641bd152b45d099d5c768d6bdd628c0508257066,2026-10-08T09:22:28.207055+00:00,True
2011,BMX,BMX_G.htm,https://wwwn.cdc.gov/Nchs/Data/Nhanes/Public/2011/DataFiles/BMX_G.htm,https://wwwn.cdc.gov/Nchs/Data/Nhanes/Public/2011/DataFiles/BMX_G.htm?run=extension_20261008_v1&attempt=0,/Volumes/Elements/NHANES_asthma_ra_extension_20261008_fresh_v1/metadata/2011/BMX_G.htm,33311,1c72476279a758945905c7c248c97b1a69dc30620864efc83494c67fa977f4bf,2026-10-08T09:22:28.292047+00:00,True
2013,DEMO,DEMO_H.htm,https://wwwn.cdc.gov/Nchs/Data/Nhanes/Public/2013/DataFiles/DEMO_H.htm,https://wwwn.cdc.gov/Nchs/Data/Nhanes/Public/2013/DataFiles/DEMO_H.htm?run=extension_20261008_v1&attempt=0,/Volumes/Elements/NHANES_asthma_ra_extension_20261008_fresh_v1/metadata/2013/DEMO_H.htm,170377,686d31f7e0857fd0c16c9a9a4e9878ad1d6e3ec4cba9a904fcce4048c9506b68,2026-10-08T09:22:29.532754+00:00,True
2013,MCQ,MCQ_H.htm,https://wwwn.cdc.gov/Nchs/Data/Nhanes/Public/2013/DataFiles/MCQ_H.htm,https://wwwn.cdc.gov/Nchs/Data/Nhanes/Public/2013/DataFiles/MCQ_H.htm?run=extension_20261008_v1&attempt=0,/Volumes/Elements/NHANES_asthma_ra_extension_20261008_fresh_v1/metadata/2013/MCQ_H.htm,327912,b2f85accebed169cfd6af7894b7d528895f2ce17c19a9d03cfcceca6183de1cd,2026-10-08T09:22:30.336372+00:00,True
2013,SMQ,SMQ_H.htm,https://wwwn.cdc.gov/Nchs/Data/Nhanes/Public/2013/DataFiles/SMQ_H.htm,https://wwwn.cdc.gov/Nchs/Data/Nhanes/Public/2013/DataFiles/SMQ_H.htm?run=extension_20261008_v1&attempt=0,/Volumes/Elements/NHANES_asthma_ra_extension_20261008_fresh_v1/metadata/2013/SMQ_H.htm,125574,4f63f79bc3f743bde5c443283a222d5f7bfac689e4e1d92374eae9deb964345a,2026-10-08T09:22:30.308042+00:00,True
2013,BMX,BMX_H.htm,https://wwwn.cdc.gov/Nchs/Data/Nhanes/Public/2013/DataFiles/BMX_H.htm,https://wwwn.cdc.gov/Nchs/Data/Nhanes/Public/2013/DataFiles/BMX_H.htm?run=extension_20261008_v1&attempt=0,/Volumes/Elements/NHANES_asthma_ra_extension_20261008_fresh_v1/metadata/2013/BMX_H.htm,68196,ee05acd20cc0b83e994230fdab31d80ce9ad8ec972ce5538f6c6f52cd527c2cd,2026-10-08T09:22:31.713716+00:00,True
2015,DEMO,DEMO_I.htm,https://wwwn.cdc.gov/Nchs/Data/Nhanes/Public/2015/DataFiles/DEMO_I.htm,https://wwwn.cdc.gov/Nchs/Data/Nhanes/Public/2015/DataFiles/DEMO_I.htm?run=extension_20261008_v1&attempt=0,/Volumes/Elements/NHANES_asthma_ra_extension_20261008_fresh_v1/metadata/2015/DEMO_I.htm,172117,ae488b8a00e7cdbae20f2fb279819dcb180b03373efa13abf784c52a0b82e473,2026-10-08T09:22:33.235918+00:00,True
2015,MCQ,MCQ_I.htm,https://wwwn.cdc.gov/Nchs/Data/Nhanes/Public/2015/DataFiles/MCQ_I.htm,https://wwwn.cdc.gov/Nchs/Data/Nhanes/Public/2015/DataFiles/MCQ_I.htm?run=extension_20261008_v1&attempt=0,/Volumes/Elements/NHANES_asthma_ra_extension_20261008_fresh_v1/metadata/2015/MCQ_I.htm,309685,284300ce5dcd393f2101fc995d7c51d9c309d667f78ca5fc45811ac989f0ed9e,2026-10-08T09:22:32.160360+00:00,True
2015,SMQ,SMQ_I.htm,https://wwwn.cdc.gov/Nchs/Data/Nhanes/Public/2015/DataFiles/SMQ_I.htm,https://wwwn.cdc.gov/Nchs/Data/Nhanes/Public/2015/DataFiles/SMQ_I.htm?run=extension_20261008_v1&attempt=0,/Volumes/Elements/NHANES_asthma_ra_extension_20261008_fresh_v1/metadata/2015/SMQ_I.htm,193205,295c85621a587d4f98a1c2d9bd0ad25730fc80b068ee92018bfb5e2fade947c4,2026-10-08T09:22:33.534089+00:00,True
2015,BMX,BMX_I.htm,https://wwwn.cdc.gov/Nchs/Data/Nhanes/Public/2015/DataFiles/BMX_I.htm,https://wwwn.cdc.gov/Nchs/Data/Nhanes/Public/2015/DataFiles/BMX_I.htm?run=extension_20261008_v1&attempt=0,/Volumes/Elements/NHANES_asthma_ra_extension_20261008_fresh_v1/metadata/2015/BMX_I.htm,67003,a0c7d0e76a882259d93e0e22f175be57bca746f704f753aab9c673163601f2bd,2026-10-08T09:22:33.803665+00:00,True
2017,DEMO,P_DEMO.htm,https://wwwn.cdc.gov/Nchs/Data/Nhanes/Public/2017/DataFiles/P_DEMO.htm,https://wwwn.cdc.gov/Nchs/Data/Nhanes/Public/2017/DataFiles/P_DEMO.htm?run=extension_20261008_v1&attempt=0,/Volumes/Elements/NHANES_asthma_ra_extension_20261008_fresh_v1/metadata/2017/P_DEMO.htm,89096,6ac8f9b394615b8b53e1de3bc089c51bd8f1004c01efb746e303476c1f918b86,2026-10-08T09:22:34.963848+00:00,True
2017,MCQ,P_MCQ.htm,https://wwwn.cdc.gov/Nchs/Data/Nhanes/Public/2017/DataFiles/P_MCQ.htm,https://wwwn.cdc.gov/Nchs/Data/Nhanes/Public/2017/DataFiles/P_MCQ.htm?run=extension_20261008_v1&attempt=0,/Volumes/Elements/NHANES_asthma_ra_extension_20261008_fresh_v1/metadata/2017/P_MCQ.htm,220986,654bb9bdd1c440cf50f0eda5d2599ec3ed82e5f644d70f02c190934c2ba1d63c,2026-10-08T09:22:35.590375+00:00,True
2017,SMQ,P_SMQ.htm,https://wwwn.cdc.gov/Nchs/Data/Nhanes/Public/2017/DataFiles/P_SMQ.htm,https://wwwn.cdc.gov/Nchs/Data/Nhanes/Public/2017/DataFiles/P_SMQ.htm?run=extension_20261008_v1&attempt=0,/Volumes/Elements/NHANES_asthma_ra_extension_20261008_fresh_v1/metadata/2017/P_SMQ.htm,56290,d4eea17cfaaa4953da2c33ef498895c78e411de4877e15b595ada00b1fd52c9a,2026-10-08T09:22:36.148013+00:00,True
2017,BMX,P_BMX.htm,https://wwwn.cdc.gov/Nchs/Data/Nhanes/Public/2017/DataFiles/P_BMX.htm,https://wwwn.cdc.gov/Nchs/Data/Nhanes/Public/2017/DataFiles/P_BMX.htm?run=extension_20261008_v1&attempt=0,/Volumes/Elements/NHANES_asthma_ra_extension_20261008_fresh_v1/metadata/2017/P_BMX.htm,55369,4f3736812ce18aec46d2264791d17a5990d5354bf7835dadbefff978809aba78,2026-10-08T09:22:37.115643+00:00,True
2021,DEMO,DEMO_L.htm,https://wwwn.cdc.gov/Nchs/Data/Nhanes/Public/2021/DataFiles/DEMO_L.htm,https://wwwn.cdc.gov/Nchs/Data/Nhanes/Public/2021/DataFiles/DEMO_L.htm?run=extension_20261008_v1&attempt=0,/Volumes/Elements/NHANES_asthma_ra_extension_20261008_fresh_v1/metadata/2021/DEMO_L.htm,88008,d85d99207a3f03345f1f16223537005bc85b9ea3a67e84c8f0543aaf89d43975,2026-10-08T09:22:37.318716+00:00,True
2021,MCQ,MCQ_L.htm,https://wwwn.cdc.gov/Nchs/Data/Nhanes/Public/2021/DataFiles/MCQ_L.htm,https://wwwn.cdc.gov/Nchs/Data/Nhanes/Public/2021/DataFiles/MCQ_L.htm?run=extension_20261008_v1&attempt=0,/Volumes/Elements/NHANES_asthma_ra_extension_20261008_fresh_v1/metadata/2021/MCQ_L.htm,131685,d302acc7a487e005139b5b792e7afd9f8a454538cae565259cdf72ea78d209ae,2026-10-08T09:22:37.693589+00:00,True
2021,SMQ,SMQ_L.htm,https://wwwn.cdc.gov/Nchs/Data/Nhanes/Public/2021/DataFiles/SMQ_L.htm,https://wwwn.cdc.gov/Nchs/Data/Nhanes/Public/2021/DataFiles/SMQ_L.htm?run=extension_20261008_v1&attempt=0,/Volumes/Elements/NHANES_asthma_ra_extension_20261008_fresh_v1/metadata/2021/SMQ_L.htm,31348,ed1178c439a311cd6b866e9061c51abbbef6403a4239844a7a81075f2f3a850d,2026-10-08T09:22:38.403201+00:00,True
2021,BMX,BMX_L.htm,https://wwwn.cdc.gov/Nchs/Data/Nhanes/Public/2021/DataFiles/BMX_L.htm,https://wwwn.cdc.gov/Nchs/Data/Nhanes/Public/2021/DataFiles/BMX_L.htm?run=extension_20261008_v1&attempt=0,/Volumes/Elements/NHANES_asthma_ra_extension_20261008_fresh_v1/metadata/2021/BMX_L.htm,53617,1d10934773f995bf994cca2f3e1de1e7bd2901f79c519b3faa88c1e3d4eaa18c,2026-10-08T09:22:38.759016+00:00,True
